store,product,store_freshness,store_distance,product_price,availability_score,store_latitude,store_longitude
Store_D_Länggasse,Coffee,6.08,0.0,7.38,0.85,46.9543,7.431
Store_C_Breitenrain,Chicken,8.21,0.0,6.6,0.86,46.9593,7.4525
Store_F_Bümpliz,Chicken,8.81,0.0,8.35,0.76,46.9419,7.385
Store_D_Länggasse,Fruits,7.96,0.0,5.67,0.87,46.9543,7.431
Store_A_Innere_Stadt,Fruits,8.06,0.0,6.5,0.89,46.9486,7.4474
Store_A_Innere_Stadt,Bread,7.57,0.0,3.33,0.89,46.9486,7.4474
Store_B_Tscharnergut,Vegetables,8.26,0.0,3.48,0.94,46.9499,7.4026
Store_C_Breitenrain,Milk,7.51,0.0,4.99,0.79,46.9593,7.4525
Store_B_Tscharnergut,Chicken,7.76,0.0,4.83,0.77,46.9499,7.4026
Store_D_Länggasse,Coffee,6.15,0.0,7.94,0.97,46.9543,7.431
Store_F_Bümpliz,Coffee,7.72,0.0,7.79,0.98,46.9419,7.385
Store_A_Innere_Stadt,Yogurt,8.78,0.0,3.19,0.89,46.9486,7.4474
Store_A_Innere_Stadt,Rice,5.54,0.0,2.16,0.88,46.9486,7.4474
Store_C_Breitenrain,Milk,6.1,0.0,4.84,0.83,46.9593,7.4525
Store_B_Tscharnergut,Yogurt,6.41,0.0,4.07,0.92,46.9499,7.4026
Store_E_Mattenhof,Fruits,5.76,0.0,3.61,0.84,46.9386,7.4215
Store_C_Breitenrain,Milk,7.46,0.0,3.9,0.87,46.9593,7.4525
Store_F_Bümpliz,Rice,8.01,0.0,3.62,0.82,46.9419,7.385
Store_C_Breitenrain,Rice,10.0,0.0,2.57,0.86,46.9593,7.4525
Store_E_Mattenhof,Vegetables,7.47,0.0,4.96,0.87,46.9386,7.4215
Store_C_Breitenrain,Chicken,7.42,0.0,7.58,0.82,46.9593,7.4525
Store_D_Länggasse,Vegetables,6.95,0.0,4.92,0.9,46.9543,7.431
Store_B_Tscharnergut,Rice,7.06,0.0,4.61,0.85,46.9499,7.4026
Store_F_Bümpliz,Yogurt,6.8,0.0,4.56,0.86,46.9419,7.385
Store_F_Bümpliz,Coffee,5.76,0.0,10.0,0.77,46.9419,7.385
Store_C_Breitenrain,Chicken,8.11,0.0,6.86,0.79,46.9593,7.4525
Store_D_Länggasse,Milk,7.28,0.0,3.97,0.9,46.9543,7.431
Store_C_Breitenrain,Milk,5.94,0.0,3.47,0.81,46.9593,7.4525
Store_A_Innere_Stadt,Milk,6.97,0.0,3.49,0.9,46.9486,7.4474
Store_D_Länggasse,Rice,7.29,0.0,2.87,0.89,46.9543,7.431
Store_F_Bümpliz,Coffee,7.59,0.0,6.97,0.92,46.9419,7.385
Store_A_Innere_Stadt,Yogurt,7.17,0.0,3.01,0.86,46.9486,7.4474
Store_E_Mattenhof,Fruits,8.88,0.0,6.55,0.87,46.9386,7.4215
Store_C_Breitenrain,Vegetables,6.7,0.0,3.53,0.86,46.9593,7.4525
Store_A_Innere_Stadt,Coffee,8.28,0.0,6.81,0.89,46.9486,7.4474
Store_A_Innere_Stadt,Bread,6.63,0.0,4.48,0.81,46.9486,7.4474
Store_B_Tscharnergut,Yogurt,5.52,0.0,4.34,0.88,46.9499,7.4026
Store_A_Innere_Stadt,Yogurt,7.77,0.0,5.76,0.85,46.9486,7.4474
Store_C_Breitenrain,Vegetables,7.38,0.0,5.22,0.81,46.9593,7.4525
Store_D_Länggasse,Chicken,7.56,0.0,7.52,0.95,46.9543,7.431
Store_F_Bümpliz,Yogurt,7.39,0.0,2.74,0.91,46.9419,7.385
Store_A_Innere_Stadt,Vegetables,9.06,0.0,3.63,0.96,46.9486,7.4474
Store_E_Mattenhof,Vegetables,8.48,0.0,3.92,0.81,46.9386,7.4215
Store_D_Länggasse,Fruits,8.52,0.0,3.92,0.92,46.9543,7.431
Store_F_Bümpliz,Chicken,7.19,0.0,7.0,0.85,46.9419,7.385
Store_E_Mattenhof,Milk,7.96,0.0,3.68,0.99,46.9386,7.4215
Store_E_Mattenhof,Fruits,8.63,0.0,5.98,0.77,46.9386,7.4215
Store_F_Bümpliz,Fruits,6.93,0.0,6.23,0.75,46.9419,7.385
Store_C_Breitenrain,Milk,6.86,0.0,3.43,0.81,46.9593,7.4525
Store_C_Breitenrain,Bread,6.21,0.0,4.35,0.83,46.9593,7.4525
Store_B_Tscharnergut,Fruits,6.43,0.0,5.68,0.85,46.9499,7.4026
Store_B_Tscharnergut,Cheese,6.14,0.0,8.55,0.9,46.9499,7.4026
Store_C_Breitenrain,Chicken,5.58,0.0,5.37,0.84,46.9593,7.4525
Store_A_Innere_Stadt,Coffee,8.17,0.0,7.03,0.95,46.9486,7.4474
Store_A_Innere_Stadt,Vegetables,8.23,0.0,6.16,0.95,46.9486,7.4474
Store_D_Länggasse,Fruits,8.02,0.0,4.12,0.8,46.9543,7.431
Store_B_Tscharnergut,Rice,6.08,0.0,5.24,0.85,46.9499,7.4026
Store_A_Innere_Stadt,Vegetables,7.75,0.0,2.41,0.92,46.9486,7.4474
Store_E_Mattenhof,Eggs,8.33,0.0,4.32,0.84,46.9386,7.4215
Store_C_Breitenrain,Rice,5.68,0.0,3.67,0.79,46.9593,7.4525
Store_C_Breitenrain,Cheese,6.25,0.0,9.49,0.81,46.9593,7.4525
Store_B_Tscharnergut,Chicken,7.05,0.0,7.63,0.92,46.9499,7.4026
Store_E_Mattenhof,Milk,9.33,0.0,5.24,0.8,46.9386,7.4215
Store_C_Breitenrain,Eggs,6.57,0.0,4.09,0.79,46.9593,7.4525
Store_D_Länggasse,Eggs,6.99,0.0,3.78,0.82,46.9543,7.431
Store_F_Bümpliz,Eggs,8.41,0.0,6.46,0.81,46.9419,7.385
Store_E_Mattenhof,Vegetables,6.86,0.0,4.24,0.83,46.9386,7.4215
Store_A_Innere_Stadt,Coffee,10.0,0.0,5.82,0.96,46.9486,7.4474
Store_B_Tscharnergut,Milk,7.78,0.0,5.11,0.91,46.9499,7.4026
Store_C_Breitenrain,Milk,8.24,0.0,6.56,0.77,46.9593,7.4525
Store_E_Mattenhof,Fruits,7.55,0.0,6.77,0.81,46.9386,7.4215
Store_D_Länggasse,Bread,6.35,0.0,3.63,0.82,46.9543,7.431
Store_A_Innere_Stadt,Cheese,8.57,0.0,6.94,0.88,46.9486,7.4474
Store_E_Mattenhof,Bread,6.61,0.0,4.58,0.84,46.9386,7.4215
Store_D_Länggasse,Yogurt,6.61,0.0,5.25,0.87,46.9543,7.431
Store_C_Breitenrain,Milk,6.32,0.0,3.26,0.85,46.9593,7.4525
Store_A_Innere_Stadt,Rice,8.75,0.0,4.07,0.84,46.9486,7.4474
Store_E_Mattenhof,Rice,7.4,0.0,3.31,0.85,46.9386,7.4215
Store_A_Innere_Stadt,Milk,9.04,0.0,4.03,0.95,46.9486,7.4474
Store_A_Innere_Stadt,Vegetables,7.26,0.0,4.47,0.85,46.9486,7.4474
Store_F_Bümpliz,Vegetables,9.3,0.0,6.08,0.81,46.9419,7.385
Store_A_Innere_Stadt,Vegetables,7.11,0.0,6.19,0.92,46.9486,7.4474
Store_A_Innere_Stadt,Rice,7.59,0.0,2.72,0.9,46.9486,7.4474
Store_E_Mattenhof,Fruits,6.26,0.0,5.13,0.86,46.9386,7.4215
Store_B_Tscharnergut,Yogurt,8.08,0.0,5.83,0.86,46.9499,7.4026
Store_B_Tscharnergut,Cheese,7.62,0.0,7.55,0.81,46.9499,7.4026
Store_F_Bümpliz,Fruits,8.37,0.0,5.78,0.86,46.9419,7.385
Store_A_Innere_Stadt,Vegetables,8.1,0.0,6.39,0.85,46.9486,7.4474
Store_C_Breitenrain,Chicken,5.98,0.0,7.5,0.78,46.9593,7.4525
Store_E_Mattenhof,Bread,4.94,0.0,2.68,0.79,46.9386,7.4215
Store_D_Länggasse,Coffee,7.65,0.0,6.01,0.89,46.9543,7.431
Store_F_Bümpliz,Yogurt,8.89,0.0,2.47,0.85,46.9419,7.385
Store_A_Innere_Stadt,Chicken,9.09,0.0,6.16,0.92,46.9486,7.4474
Store_E_Mattenhof,Chicken,7.43,0.0,7.51,0.79,46.9386,7.4215
Store_A_Innere_Stadt,Bread,7.08,0.0,2.83,0.84,46.9486,7.4474
Store_A_Innere_Stadt,Cheese,9.28,0.0,10.0,0.89,46.9486,7.4474
Store_B_Tscharnergut,Vegetables,5.06,0.0,4.17,0.78,46.9499,7.4026
Store_A_Innere_Stadt,Vegetables,7.77,0.0,2.5,0.91,46.9486,7.4474
Store_D_Länggasse,Fruits,8.12,0.0,7.27,0.91,46.9543,7.431
Store_B_Tscharnergut,Eggs,7.25,0.0,4.41,0.85,46.9499,7.4026
Store_A_Innere_Stadt,Bread,5.72,0.0,5.12,0.85,46.9486,7.4474
Store_C_Breitenrain,Milk,8.46,0.0,4.41,0.96,46.9593,7.4525
Store_E_Mattenhof,Chicken,7.18,0.0,7.47,0.88,46.9386,7.4215
Store_C_Breitenrain,Milk,7.99,0.0,3.11,0.83,46.9593,7.4525
Store_A_Innere_Stadt,Fruits,6.64,0.0,4.69,0.89,46.9486,7.4474
Store_B_Tscharnergut,Coffee,7.94,0.0,7.0,0.86,46.9499,7.4026
Store_F_Bümpliz,Chicken,6.63,0.0,7.57,0.81,46.9419,7.385
Store_E_Mattenhof,Eggs,9.79,0.0,5.88,0.91,46.9386,7.4215
Store_F_Bümpliz,Bread,8.36,0.0,1.39,0.82,46.9419,7.385
Store_B_Tscharnergut,Vegetables,5.16,0.0,2.36,0.92,46.9499,7.4026
Store_D_Länggasse,Rice,9.4,0.0,4.07,0.89,46.9543,7.431
Store_A_Innere_Stadt,Cheese,9.16,0.0,7.65,0.9,46.9486,7.4474
Store_B_Tscharnergut,Fruits,5.01,0.0,7.94,0.73,46.9499,7.4026
Store_D_Länggasse,Coffee,8.95,0.0,6.1,0.97,46.9543,7.431
Store_C_Breitenrain,Bread,5.6,0.0,4.1,0.79,46.9593,7.4525
Store_B_Tscharnergut,Chicken,8.55,0.0,4.78,0.88,46.9499,7.4026
Store_B_Tscharnergut,Milk,9.56,0.0,4.04,0.88,46.9499,7.4026
Store_F_Bümpliz,Milk,7.44,0.0,5.02,0.83,46.9419,7.385
Store_A_Innere_Stadt,Fruits,7.02,0.0,4.81,0.87,46.9486,7.4474
Store_B_Tscharnergut,Rice,4.87,0.0,5.94,0.83,46.9499,7.4026
Store_B_Tscharnergut,Coffee,7.84,0.0,6.06,0.9,46.9499,7.4026
Store_D_Länggasse,Bread,8.02,0.0,5.33,0.75,46.9543,7.431
Store_A_Innere_Stadt,Rice,7.39,0.0,3.74,0.83,46.9486,7.4474
Store_B_Tscharnergut,Yogurt,6.68,0.0,4.46,0.9,46.9499,7.4026
Store_D_Länggasse,Cheese,7.29,0.0,9.28,0.86,46.9543,7.431
Store_B_Tscharnergut,Coffee,6.45,0.0,8.78,0.95,46.9499,7.4026
Store_B_Tscharnergut,Yogurt,8.18,0.0,3.85,0.81,46.9499,7.4026
Store_C_Breitenrain,Chicken,7.75,0.0,4.82,0.88,46.9593,7.4525
Store_F_Bümpliz,Eggs,6.7,0.0,3.75,0.82,46.9419,7.385
Store_F_Bümpliz,Coffee,6.75,0.0,4.0,0.88,46.9419,7.385
Store_D_Länggasse,Coffee,7.04,0.0,5.91,0.82,46.9543,7.431
Store_F_Bümpliz,Fruits,8.03,0.0,6.18,0.91,46.9419,7.385
Store_C_Breitenrain,Coffee,8.47,0.0,6.9,0.82,46.9593,7.4525
Store_D_Länggasse,Milk,8.0,0.0,6.22,0.88,46.9543,7.431
Store_F_Bümpliz,Chicken,5.95,0.0,6.82,0.97,46.9419,7.385
Store_A_Innere_Stadt,Chicken,5.83,0.0,5.47,0.84,46.9486,7.4474
Store_B_Tscharnergut,Bread,8.51,0.0,2.81,0.93,46.9499,7.4026
Store_A_Innere_Stadt,Yogurt,6.36,0.0,3.33,0.99,46.9486,7.4474
Store_C_Breitenrain,Milk,7.6,0.0,4.77,0.89,46.9593,7.4525
Store_C_Breitenrain,Yogurt,6.94,0.0,3.59,0.78,46.9593,7.4525
Store_A_Innere_Stadt,Coffee,8.24,0.0,7.6,0.94,46.9486,7.4474
Store_C_Breitenrain,Eggs,7.8,0.0,3.81,0.82,46.9593,7.4525
Store_F_Bümpliz,Cheese,6.9,0.0,8.23,0.93,46.9419,7.385
Store_F_Bümpliz,Fruits,8.11,0.0,6.35,0.98,46.9419,7.385
Store_A_Innere_Stadt,Yogurt,6.27,0.0,2.26,0.83,46.9486,7.4474
Store_C_Breitenrain,Rice,7.16,0.0,2.03,0.9,46.9593,7.4525
Store_D_Länggasse,Milk,8.36,0.0,4.1,0.85,46.9543,7.431
Store_A_Innere_Stadt,Eggs,8.04,0.0,3.9,0.92,46.9486,7.4474
Store_D_Länggasse,Chicken,7.24,0.0,8.71,0.83,46.9543,7.431
Store_E_Mattenhof,Vegetables,7.29,0.0,7.51,0.79,46.9386,7.4215
Store_E_Mattenhof,Coffee,6.53,0.0,6.34,0.87,46.9386,7.4215
Store_C_Breitenrain,Fruits,8.17,0.0,7.55,0.89,46.9593,7.4525
Store_C_Breitenrain,Eggs,5.8,0.0,3.68,0.73,46.9593,7.4525
Store_C_Breitenrain,Cheese,6.43,0.0,7.72,0.96,46.9593,7.4525
Store_A_Innere_Stadt,Milk,7.72,0.0,4.87,0.92,46.9486,7.4474
Store_B_Tscharnergut,Milk,7.65,0.0,6.26,0.94,46.9499,7.4026
Store_F_Bümpliz,Fruits,7.4,0.0,5.62,0.85,46.9419,7.385
Store_F_Bümpliz,Eggs,8.06,0.0,4.57,0.93,46.9419,7.385
Store_E_Mattenhof,Yogurt,6.12,0.0,4.99,0.84,46.9386,7.4215
Store_C_Breitenrain,Vegetables,8.55,0.0,5.79,0.87,46.9593,7.4525
Store_B_Tscharnergut,Rice,8.8,0.0,2.82,0.82,46.9499,7.4026
Store_D_Länggasse,Fruits,7.01,0.0,6.07,0.77,46.9543,7.431
Store_D_Länggasse,Chicken,6.51,0.0,7.59,0.81,46.9543,7.431
Store_A_Innere_Stadt,Rice,6.88,0.0,3.76,0.9,46.9486,7.4474
Store_D_Länggasse,Chicken,7.42,0.0,7.86,0.83,46.9543,7.431
Store_E_Mattenhof,Rice,6.0,0.0,5.42,0.79,46.9386,7.4215
Store_F_Bümpliz,Milk,7.16,0.0,3.35,0.82,46.9419,7.385
Store_F_Bümpliz,Fruits,7.32,0.0,7.17,0.72,46.9419,7.385
Store_D_Länggasse,Milk,8.67,0.0,1.51,0.87,46.9543,7.431
Store_E_Mattenhof,Rice,6.59,0.0,3.62,0.85,46.9386,7.4215
Store_B_Tscharnergut,Fruits,6.18,0.0,7.6,0.89,46.9499,7.4026
Store_A_Innere_Stadt,Yogurt,9.0,0.0,3.35,0.88,46.9486,7.4474
Store_C_Breitenrain,Coffee,7.21,0.0,6.84,0.87,46.9593,7.4525
Store_B_Tscharnergut,Fruits,6.24,0.0,6.48,0.8,46.9499,7.4026
Store_F_Bümpliz,Vegetables,5.34,0.0,3.72,0.83,46.9419,7.385
Store_A_Innere_Stadt,Rice,6.81,0.0,4.2,0.92,46.9486,7.4474
Store_B_Tscharnergut,Bread,7.65,0.0,4.4,0.92,46.9499,7.4026
Store_C_Breitenrain,Rice,6.54,0.0,5.22,0.8,46.9593,7.4525
Store_A_Innere_Stadt,Bread,7.2,0.0,4.07,0.89,46.9486,7.4474
Store_C_Breitenrain,Rice,6.03,0.0,3.4,0.89,46.9593,7.4525
Store_C_Breitenrain,Milk,7.44,0.0,1.95,0.78,46.9593,7.4525
Store_F_Bümpliz,Chicken,8.02,0.0,4.95,0.88,46.9419,7.385
Store_E_Mattenhof,Chicken,5.21,0.0,7.16,0.89,46.9386,7.4215
Store_B_Tscharnergut,Rice,8.19,0.0,2.72,0.84,46.9499,7.4026
Store_C_Breitenrain,Coffee,7.88,0.0,5.4,1.0,46.9593,7.4525
Store_A_Innere_Stadt,Cheese,7.36,0.0,9.18,0.86,46.9486,7.4474
Store_F_Bümpliz,Bread,7.77,0.0,2.63,0.87,46.9419,7.385
Store_B_Tscharnergut,Eggs,6.57,0.0,4.23,0.91,46.9499,7.4026
Store_D_Länggasse,Milk,8.12,0.0,5.8,0.87,46.9543,7.431
Store_F_Bümpliz,Chicken,7.81,0.0,5.47,0.9,46.9419,7.385
Store_D_Länggasse,Vegetables,7.61,0.0,4.46,0.88,46.9543,7.431
Store_B_Tscharnergut,Eggs,6.25,0.0,2.98,0.78,46.9499,7.4026
Store_A_Innere_Stadt,Yogurt,8.44,0.0,6.12,0.87,46.9486,7.4474
Store_B_Tscharnergut,Eggs,7.32,0.0,5.68,0.84,46.9499,7.4026
Store_A_Innere_Stadt,Milk,7.52,0.0,4.74,0.9,46.9486,7.4474
Store_C_Breitenrain,Coffee,5.63,0.0,8.54,0.85,46.9593,7.4525
Store_E_Mattenhof,Chicken,7.04,0.0,6.51,0.84,46.9386,7.4215
Store_C_Breitenrain,Cheese,7.91,0.0,7.67,0.84,46.9593,7.4525
Store_B_Tscharnergut,Rice,5.25,0.0,3.46,0.84,46.9499,7.4026
Store_C_Breitenrain,Coffee,6.45,0.0,8.35,0.83,46.9593,7.4525
Store_C_Breitenrain,Bread,9.51,0.0,3.91,0.83,46.9593,7.4525
Store_D_Länggasse,Bread,8.86,0.0,3.6,0.94,46.9543,7.431
Store_B_Tscharnergut,Rice,8.99,0.0,1.51,0.91,46.9499,7.4026
Store_F_Bümpliz,Yogurt,8.73,0.0,4.37,0.97,46.9419,7.385
Store_E_Mattenhof,Cheese,6.76,0.0,8.7,0.84,46.9386,7.4215
Store_C_Breitenrain,Rice,7.08,0.0,3.27,0.78,46.9593,7.4525
Store_C_Breitenrain,Rice,9.96,0.0,3.02,0.87,46.9593,7.4525
Store_F_Bümpliz,Yogurt,5.53,0.0,4.54,0.72,46.9419,7.385
Store_A_Innere_Stadt,Milk,7.27,0.0,3.03,0.84,46.9486,7.4474
Store_F_Bümpliz,Eggs,6.04,0.0,4.46,0.84,46.9419,7.385
Store_A_Innere_Stadt,Yogurt,6.42,0.0,5.02,0.86,46.9486,7.4474
Store_F_Bümpliz,Coffee,6.29,0.0,9.77,0.8,46.9419,7.385
Store_A_Innere_Stadt,Rice,7.78,0.0,4.39,0.91,46.9486,7.4474
Store_B_Tscharnergut,Bread,10.0,0.0,3.0,0.91,46.9499,7.4026
Store_B_Tscharnergut,Fruits,7.92,0.0,6.11,0.82,46.9499,7.4026
Store_A_Innere_Stadt,Fruits,8.23,0.0,6.26,1.0,46.9486,7.4474
Store_C_Breitenrain,Cheese,5.09,0.0,10.0,0.91,46.9593,7.4525
Store_E_Mattenhof,Yogurt,6.27,0.0,6.06,0.91,46.9386,7.4215
Store_B_Tscharnergut,Yogurt,5.76,0.0,3.34,0.8,46.9499,7.4026
Store_B_Tscharnergut,Cheese,7.37,0.0,8.15,0.92,46.9499,7.4026
Store_E_Mattenhof,Bread,5.08,0.0,1.99,0.84,46.9386,7.4215
Store_B_Tscharnergut,Bread,6.35,0.0,2.88,0.86,46.9499,7.4026
Store_A_Innere_Stadt,Bread,3.77,0.0,2.46,0.88,46.9486,7.4474
Store_B_Tscharnergut,Coffee,7.78,0.0,5.03,0.9,46.9499,7.4026
Store_F_Bümpliz,Coffee,7.85,0.0,8.33,0.91,46.9419,7.385
Store_A_Innere_Stadt,Eggs,8.16,0.0,5.71,0.98,46.9486,7.4474
Store_F_Bümpliz,Rice,8.34,0.0,3.69,0.89,46.9419,7.385
Store_B_Tscharnergut,Vegetables,7.23,0.0,6.68,0.88,46.9499,7.4026
Store_D_Länggasse,Rice,8.02,0.0,1.53,0.86,46.9543,7.431
Store_E_Mattenhof,Fruits,6.03,0.0,5.03,0.78,46.9386,7.4215
Store_B_Tscharnergut,Yogurt,7.3,0.0,4.53,0.9,46.9499,7.4026
Store_E_Mattenhof,Chicken,7.21,0.0,6.71,0.85,46.9386,7.4215
Store_B_Tscharnergut,Vegetables,8.58,0.0,3.57,0.9,46.9499,7.4026
Store_A_Innere_Stadt,Chicken,6.83,0.0,5.92,0.88,46.9486,7.4474
Store_B_Tscharnergut,Vegetables,8.61,0.0,6.87,0.86,46.9499,7.4026
Store_A_Innere_Stadt,Chicken,7.41,0.0,7.86,0.87,46.9486,7.4474
Store_C_Breitenrain,Cheese,7.85,0.0,7.44,0.92,46.9593,7.4525
Store_C_Breitenrain,Vegetables,7.22,0.0,5.36,0.87,46.9593,7.4525
Store_D_Länggasse,Chicken,7.77,0.0,6.79,0.85,46.9543,7.431
Store_C_Breitenrain,Milk,8.8,0.0,5.4,0.83,46.9593,7.4525
Store_B_Tscharnergut,Fruits,7.48,0.0,5.22,0.92,46.9499,7.4026
Store_C_Breitenrain,Coffee,6.72,0.0,6.5,0.81,46.9593,7.4525
Store_E_Mattenhof,Eggs,6.83,0.0,3.08,0.81,46.9386,7.4215
Store_E_Mattenhof,Eggs,7.03,0.0,4.31,0.76,46.9386,7.4215
Store_F_Bümpliz,Rice,7.61,0.0,2.89,0.79,46.9419,7.385
Store_A_Innere_Stadt,Chicken,7.25,0.0,4.59,0.91,46.9486,7.4474
Store_C_Breitenrain,Milk,6.6,0.0,1.09,0.75,46.9593,7.4525
Store_E_Mattenhof,Yogurt,7.84,0.0,4.65,0.87,46.9386,7.4215
Store_C_Breitenrain,Chicken,6.42,0.0,7.02,0.84,46.9593,7.4525
Store_F_Bümpliz,Chicken,6.2,0.0,5.77,0.78,46.9419,7.385
Store_B_Tscharnergut,Milk,6.44,0.0,4.05,0.84,46.9499,7.4026
Store_D_Länggasse,Cheese,7.21,0.0,6.3,0.84,46.9543,7.431
Store_B_Tscharnergut,Cheese,6.77,0.0,8.19,0.93,46.9499,7.4026
Store_F_Bümpliz,Yogurt,8.22,0.0,6.37,0.89,46.9419,7.385
Store_B_Tscharnergut,Vegetables,8.55,0.0,4.16,0.96,46.9499,7.4026
Store_B_Tscharnergut,Fruits,7.62,0.0,7.52,0.85,46.9499,7.4026
Store_D_Länggasse,Rice,6.97,0.0,6.4,0.77,46.9543,7.431
Store_F_Bümpliz,Vegetables,8.36,0.0,5.49,0.9,46.9419,7.385
Store_E_Mattenhof,Rice,7.56,0.0,1.4,0.8,46.9386,7.4215
Store_C_Breitenrain,Fruits,7.09,0.0,5.01,0.77,46.9593,7.4525
Store_A_Innere_Stadt,Rice,8.8,0.0,3.67,0.96,46.9486,7.4474
Store_D_Länggasse,Eggs,8.26,0.0,3.03,0.8,46.9543,7.431
Store_D_Länggasse,Coffee,8.35,0.0,10.0,0.86,46.9543,7.431
Store_B_Tscharnergut,Vegetables,7.48,0.0,2.84,0.84,46.9499,7.4026
Store_C_Breitenrain,Cheese,8.72,0.0,9.16,0.84,46.9593,7.4525
Store_D_Länggasse,Rice,7.74,0.0,2.14,0.94,46.9543,7.431
Store_B_Tscharnergut,Rice,6.63,0.0,3.63,0.81,46.9499,7.4026
Store_E_Mattenhof,Coffee,6.85,0.0,9.17,0.87,46.9386,7.4215
Store_F_Bümpliz,Milk,7.61,0.0,3.9,0.9,46.9419,7.385
Store_A_Innere_Stadt,Coffee,6.23,0.0,5.06,0.94,46.9486,7.4474
Store_C_Breitenrain,Cheese,4.8,0.0,7.81,0.78,46.9593,7.4525
Store_D_Länggasse,Coffee,8.66,0.0,8.8,0.93,46.9543,7.431
Store_F_Bümpliz,Vegetables,8.74,0.0,2.87,0.91,46.9419,7.385
Store_A_Innere_Stadt,Milk,5.23,0.0,3.44,0.93,46.9486,7.4474
Store_F_Bümpliz,Vegetables,7.12,0.0,4.76,0.89,46.9419,7.385
Store_E_Mattenhof,Milk,7.06,0.0,3.84,0.78,46.9386,7.4215
Store_E_Mattenhof,Eggs,7.21,0.0,3.43,0.79,46.9386,7.4215
Store_B_Tscharnergut,Coffee,9.18,0.0,5.15,0.93,46.9499,7.4026
Store_C_Breitenrain,Bread,7.57,0.0,0.99,0.81,46.9593,7.4525
Store_E_Mattenhof,Milk,7.56,0.0,3.14,0.87,46.9386,7.4215
Store_F_Bümpliz,Eggs,7.09,0.0,4.47,0.89,46.9419,7.385
Store_A_Innere_Stadt,Coffee,7.03,0.0,7.74,0.89,46.9486,7.4474
Store_F_Bümpliz,Eggs,8.12,0.0,6.68,0.82,46.9419,7.385
Store_F_Bümpliz,Yogurt,6.72,0.0,3.8,0.85,46.9419,7.385
Store_A_Innere_Stadt,Vegetables,8.95,0.0,5.63,0.91,46.9486,7.4474
Store_B_Tscharnergut,Bread,8.24,0.0,3.06,0.92,46.9499,7.4026
Store_E_Mattenhof,Milk,7.13,0.0,2.77,0.77,46.9386,7.4215
Store_E_Mattenhof,Fruits,5.19,0.0,4.31,0.69,46.9386,7.4215
Store_A_Innere_Stadt,Milk,7.27,0.0,3.96,0.83,46.9486,7.4474
Store_F_Bümpliz,Cheese,7.54,0.0,7.5,0.94,46.9419,7.385
Store_E_Mattenhof,Cheese,5.21,0.0,7.71,0.67,46.9386,7.4215
Store_F_Bümpliz,Bread,6.61,0.0,3.72,0.93,46.9419,7.385
Store_E_Mattenhof,Rice,8.01,0.0,3.61,0.79,46.9386,7.4215
Store_D_Länggasse,Eggs,8.98,0.0,2.82,0.88,46.9543,7.431
Store_F_Bümpliz,Vegetables,6.24,0.0,3.62,0.88,46.9419,7.385
Store_C_Breitenrain,Coffee,6.42,0.0,8.1,0.75,46.9593,7.4525
Store_B_Tscharnergut,Bread,6.74,0.0,1.6,0.85,46.9499,7.4026
Store_D_Länggasse,Cheese,7.12,0.0,6.85,0.88,46.9543,7.431
Store_A_Innere_Stadt,Cheese,6.7,0.0,7.32,0.85,46.9486,7.4474
Store_E_Mattenhof,Cheese,8.27,0.0,7.8,0.97,46.9386,7.4215
Store_D_Länggasse,Yogurt,7.94,0.0,5.59,0.85,46.9543,7.431
Store_B_Tscharnergut,Coffee,6.21,0.0,7.38,0.92,46.9499,7.4026
Store_C_Breitenrain,Eggs,8.28,0.0,3.4,0.89,46.9593,7.4525
Store_A_Innere_Stadt,Bread,8.58,0.0,2.82,0.93,46.9486,7.4474
Store_B_Tscharnergut,Eggs,7.98,0.0,3.62,0.86,46.9499,7.4026
Store_A_Innere_Stadt,Chicken,8.1,0.0,6.55,0.89,46.9486,7.4474
Store_D_Länggasse,Rice,5.61,0.0,4.12,0.9,46.9543,7.431
Store_F_Bümpliz,Yogurt,5.35,0.0,3.24,0.9,46.9419,7.385
Store_F_Bümpliz,Rice,8.35,0.0,3.18,0.79,46.9419,7.385
Store_E_Mattenhof,Vegetables,8.15,0.0,4.1,0.8,46.9386,7.4215
Store_C_Breitenrain,Chicken,6.45,0.0,6.26,0.79,46.9593,7.4525
Store_E_Mattenhof,Eggs,7.04,0.0,5.26,0.75,46.9386,7.4215
Store_C_Breitenrain,Chicken,6.83,0.0,4.65,0.76,46.9593,7.4525
Store_C_Breitenrain,Bread,5.64,0.0,1.16,0.78,46.9593,7.4525
Store_F_Bümpliz,Cheese,6.11,0.0,8.26,0.79,46.9419,7.385
Store_A_Innere_Stadt,Rice,7.69,0.0,2.92,0.96,46.9486,7.4474
Store_D_Länggasse,Coffee,6.71,0.0,5.31,0.85,46.9543,7.431
Store_A_Innere_Stadt,Eggs,8.46,0.0,4.22,0.89,46.9486,7.4474
Store_A_Innere_Stadt,Eggs,8.15,0.0,5.2,0.85,46.9486,7.4474
Store_B_Tscharnergut,Yogurt,6.42,0.0,2.0,0.87,46.9499,7.4026
Store_D_Länggasse,Rice,7.79,0.0,3.16,0.95,46.9543,7.431
Store_D_Länggasse,Cheese,9.38,0.0,4.48,0.9,46.9543,7.431
Store_F_Bümpliz,Bread,8.82,0.0,4.8,0.98,46.9419,7.385
Store_C_Breitenrain,Rice,7.39,0.0,3.19,0.84,46.9593,7.4525
Store_E_Mattenhof,Fruits,7.59,0.0,4.42,0.84,46.9386,7.4215
Store_B_Tscharnergut,Yogurt,7.39,0.0,3.33,1.0,46.9499,7.4026
Store_A_Innere_Stadt,Vegetables,6.47,0.0,5.16,0.88,46.9486,7.4474
Store_F_Bümpliz,Yogurt,7.07,0.0,3.24,0.87,46.9419,7.385
Store_E_Mattenhof,Bread,5.26,0.0,3.54,0.81,46.9386,7.4215
Store_F_Bümpliz,Vegetables,6.13,0.0,3.67,0.83,46.9419,7.385
Store_F_Bümpliz,Bread,6.14,0.0,4.0,0.8,46.9419,7.385
Store_C_Breitenrain,Bread,7.03,0.0,3.68,0.82,46.9593,7.4525
Store_A_Innere_Stadt,Rice,6.98,0.0,3.31,0.86,46.9486,7.4474
Store_C_Breitenrain,Rice,6.32,0.0,3.33,0.83,46.9593,7.4525
Store_D_Länggasse,Vegetables,5.61,0.0,5.89,0.85,46.9543,7.431
Store_B_Tscharnergut,Eggs,9.92,0.0,4.35,0.97,46.9499,7.4026
Store_E_Mattenhof,Fruits,5.71,0.0,3.34,0.83,46.9386,7.4215
Store_F_Bümpliz,Eggs,8.04,0.0,4.46,0.86,46.9419,7.385
Store_C_Breitenrain,Eggs,6.5,0.0,4.97,0.76,46.9593,7.4525
Store_E_Mattenhof,Cheese,7.2,0.0,6.31,0.83,46.9386,7.4215
Store_D_Länggasse,Eggs,5.99,0.0,4.45,0.89,46.9543,7.431
Store_C_Breitenrain,Yogurt,6.15,0.0,5.41,0.84,46.9593,7.4525
Store_B_Tscharnergut,Eggs,7.72,0.0,3.62,0.86,46.9499,7.4026
Store_B_Tscharnergut,Cheese,6.98,0.0,8.47,0.82,46.9499,7.4026
Store_D_Länggasse,Rice,8.12,0.0,4.16,0.94,46.9543,7.431
Store_D_Länggasse,Rice,9.02,0.0,2.37,0.89,46.9543,7.431
Store_D_Länggasse,Milk,6.64,0.0,3.91,0.9,46.9543,7.431
Store_C_Breitenrain,Coffee,7.73,0.0,7.01,0.83,46.9593,7.4525
Store_B_Tscharnergut,Vegetables,8.72,0.0,4.01,0.84,46.9499,7.4026
Store_C_Breitenrain,Cheese,7.69,0.0,7.84,0.82,46.9593,7.4525
Store_B_Tscharnergut,Chicken,7.43,0.0,5.48,0.88,46.9499,7.4026
Store_A_Innere_Stadt,Yogurt,7.87,0.0,2.7,0.87,46.9486,7.4474
Store_A_Innere_Stadt,Vegetables,9.06,0.0,5.47,0.94,46.9486,7.4474
Store_F_Bümpliz,Bread,9.58,0.0,2.56,0.88,46.9419,7.385
Store_C_Breitenrain,Coffee,7.06,0.0,5.78,0.84,46.9593,7.4525
Store_D_Länggasse,Bread,8.21,0.0,3.06,0.83,46.9543,7.431
Store_B_Tscharnergut,Rice,7.14,0.0,2.87,0.75,46.9499,7.4026
Store_B_Tscharnergut,Chicken,8.47,0.0,6.88,0.88,46.9499,7.4026
Store_D_Länggasse,Fruits,7.64,0.0,6.48,0.91,46.9543,7.431
Store_A_Innere_Stadt,Yogurt,6.96,0.0,6.75,0.91,46.9486,7.4474
Store_F_Bümpliz,Eggs,5.78,0.0,4.78,0.82,46.9419,7.385
Store_F_Bümpliz,Yogurt,6.8,0.0,4.09,0.84,46.9419,7.385
Store_D_Länggasse,Bread,7.33,0.0,1.71,0.88,46.9543,7.431
Store_C_Breitenrain,Eggs,7.9,0.0,4.79,0.99,46.9593,7.4525
Store_F_Bümpliz,Fruits,8.3,0.0,5.75,0.82,46.9419,7.385
Store_B_Tscharnergut,Coffee,7.14,0.0,7.99,0.82,46.9499,7.4026
Store_A_Innere_Stadt,Vegetables,7.37,0.0,3.78,0.86,46.9486,7.4474
Store_B_Tscharnergut,Eggs,8.05,0.0,5.36,0.95,46.9499,7.4026
Store_C_Breitenrain,Bread,8.42,0.0,2.77,0.86,46.9593,7.4525
Store_B_Tscharnergut,Cheese,7.42,0.0,5.76,0.81,46.9499,7.4026
Store_C_Breitenrain,Rice,7.35,0.0,0.0,0.83,46.9593,7.4525
Store_D_Länggasse,Vegetables,6.26,0.0,3.99,0.87,46.9543,7.431
Store_B_Tscharnergut,Eggs,6.97,0.0,4.01,0.79,46.9499,7.4026
Store_D_Länggasse,Fruits,5.47,0.0,5.65,0.79,46.9543,7.431
Store_D_Länggasse,Vegetables,7.28,0.0,4.0,0.94,46.9543,7.431
Store_D_Länggasse,Fruits,9.02,0.0,4.52,0.89,46.9543,7.431
Store_F_Bümpliz,Coffee,8.43,0.0,6.22,0.93,46.9419,7.385
Store_C_Breitenrain,Vegetables,7.85,0.0,5.23,0.83,46.9593,7.4525
Store_A_Innere_Stadt,Bread,6.96,0.0,3.29,0.91,46.9486,7.4474
Store_A_Innere_Stadt,Chicken,8.37,0.0,5.27,1.0,46.9486,7.4474
Store_D_Länggasse,Vegetables,6.92,0.0,5.11,0.91,46.9543,7.431
Store_C_Breitenrain,Rice,6.77,0.0,6.06,0.91,46.9593,7.4525
Store_A_Innere_Stadt,Vegetables,6.05,0.0,3.39,0.83,46.9486,7.4474
Store_A_Innere_Stadt,Fruits,8.45,0.0,6.74,0.9,46.9486,7.4474
Store_E_Mattenhof,Eggs,4.01,0.0,3.54,0.78,46.9386,7.4215
Store_B_Tscharnergut,Vegetables,7.77,0.0,4.92,0.88,46.9499,7.4026
Store_D_Länggasse,Chicken,7.0,0.0,5.3,0.85,46.9543,7.431
Store_E_Mattenhof,Coffee,7.89,0.0,6.88,0.84,46.9386,7.4215
Store_D_Länggasse,Rice,7.69,0.0,3.53,0.82,46.9543,7.431
Store_F_Bümpliz,Cheese,6.18,0.0,6.92,0.87,46.9419,7.385
Store_A_Innere_Stadt,Vegetables,4.93,0.0,5.86,0.88,46.9486,7.4474
Store_B_Tscharnergut,Coffee,7.09,0.0,5.72,0.87,46.9499,7.4026
Store_E_Mattenhof,Cheese,7.54,0.0,8.17,0.84,46.9386,7.4215
Store_E_Mattenhof,Bread,9.59,0.0,4.04,0.85,46.9386,7.4215
Store_E_Mattenhof,Coffee,5.6,0.0,5.71,0.77,46.9386,7.4215
Store_A_Innere_Stadt,Rice,9.39,0.0,4.36,1.0,46.9486,7.4474
Store_E_Mattenhof,Bread,8.11,0.0,0.76,0.86,46.9386,7.4215
Store_B_Tscharnergut,Chicken,8.97,0.0,7.16,0.88,46.9499,7.4026
Store_B_Tscharnergut,Eggs,7.84,0.0,3.44,0.87,46.9499,7.4026
Store_C_Breitenrain,Rice,6.94,0.0,2.95,0.84,46.9593,7.4525
Store_F_Bümpliz,Cheese,4.85,0.0,7.46,0.81,46.9419,7.385
Store_D_Länggasse,Vegetables,8.47,0.0,3.06,0.88,46.9543,7.431
Store_E_Mattenhof,Chicken,6.45,0.0,5.67,0.82,46.9386,7.4215
Store_D_Länggasse,Cheese,8.0,0.0,9.69,0.97,46.9543,7.431
Store_F_Bümpliz,Fruits,7.29,0.0,6.56,0.81,46.9419,7.385
Store_D_Länggasse,Rice,7.29,0.0,3.29,0.91,46.9543,7.431
Store_C_Breitenrain,Eggs,5.09,0.0,4.74,0.82,46.9593,7.4525
Store_E_Mattenhof,Coffee,8.51,0.0,6.46,0.92,46.9386,7.4215
Store_F_Bümpliz,Coffee,4.16,0.0,8.28,0.73,46.9419,7.385
Store_C_Breitenrain,Fruits,7.33,0.0,8.55,0.86,46.9593,7.4525
Store_E_Mattenhof,Eggs,9.27,0.0,3.22,0.88,46.9386,7.4215
Store_A_Innere_Stadt,Rice,9.15,0.0,4.24,0.89,46.9486,7.4474
Store_B_Tscharnergut,Vegetables,6.45,0.0,5.24,0.82,46.9499,7.4026
Store_D_Länggasse,Yogurt,7.6,0.0,3.6,0.89,46.9543,7.431
Store_F_Bümpliz,Eggs,7.73,0.0,4.22,0.88,46.9419,7.385
Store_A_Innere_Stadt,Bread,7.13,0.0,3.3,0.95,46.9486,7.4474
Store_E_Mattenhof,Coffee,8.43,0.0,6.97,0.81,46.9386,7.4215
Store_E_Mattenhof,Coffee,6.44,0.0,7.29,0.8,46.9386,7.4215
Store_C_Breitenrain,Vegetables,7.37,0.0,5.31,0.87,46.9593,7.4525
Store_F_Bümpliz,Milk,5.86,0.0,3.88,0.89,46.9419,7.385
Store_C_Breitenrain,Fruits,6.75,0.0,4.69,0.86,46.9593,7.4525
Store_A_Innere_Stadt,Coffee,6.49,0.0,8.04,0.85,46.9486,7.4474
Store_F_Bümpliz,Eggs,7.77,0.0,4.72,0.88,46.9419,7.385
Store_C_Breitenrain,Bread,7.64,0.0,4.53,0.87,46.9593,7.4525
Store_C_Breitenrain,Rice,6.68,0.0,2.43,0.77,46.9593,7.4525
Store_E_Mattenhof,Coffee,6.36,0.0,6.71,0.77,46.9386,7.4215
Store_F_Bümpliz,Vegetables,7.15,0.0,4.44,0.87,46.9419,7.385
Store_F_Bümpliz,Fruits,6.43,0.0,6.15,0.88,46.9419,7.385
Store_D_Länggasse,Vegetables,7.34,0.0,4.99,0.96,46.9543,7.431
Store_A_Innere_Stadt,Fruits,8.64,0.0,5.94,1.0,46.9486,7.4474
Store_A_Innere_Stadt,Yogurt,7.58,0.0,3.84,0.93,46.9486,7.4474
Store_C_Breitenrain,Yogurt,5.32,0.0,5.46,0.76,46.9593,7.4525
Store_D_Länggasse,Vegetables,5.98,0.0,3.27,0.89,46.9543,7.431
Store_F_Bümpliz,Fruits,7.33,0.0,6.52,0.82,46.9419,7.385
Store_E_Mattenhof,Eggs,5.98,0.0,4.79,0.86,46.9386,7.4215
Store_A_Innere_Stadt,Coffee,8.15,0.0,3.76,0.94,46.9486,7.4474
Store_D_Länggasse,Chicken,8.92,0.0,6.08,0.93,46.9543,7.431
Store_E_Mattenhof,Chicken,7.25,0.0,8.43,0.9,46.9386,7.4215
Store_D_Länggasse,Yogurt,6.18,0.0,5.14,0.79,46.9543,7.431
Store_F_Bümpliz,Fruits,7.23,0.0,6.01,0.86,46.9419,7.385
Store_B_Tscharnergut,Rice,8.4,0.0,3.54,0.93,46.9499,7.4026
Store_C_Breitenrain,Cheese,7.33,0.0,5.81,0.84,46.9593,7.4525
Store_C_Breitenrain,Vegetables,7.19,0.0,3.05,0.83,46.9593,7.4525
Store_E_Mattenhof,Eggs,6.17,0.0,5.08,0.95,46.9386,7.4215
Store_C_Breitenrain,Chicken,6.92,0.0,7.31,0.85,46.9593,7.4525
Store_E_Mattenhof,Fruits,6.17,0.0,5.73,0.86,46.9386,7.4215
Store_E_Mattenhof,Fruits,7.83,0.0,5.4,0.83,46.9386,7.4215
Store_C_Breitenrain,Coffee,5.86,0.0,7.32,0.84,46.9593,7.4525
Store_D_Länggasse,Milk,6.77,0.0,4.18,0.93,46.9543,7.431
Store_B_Tscharnergut,Vegetables,8.39,0.0,3.8,0.78,46.9499,7.4026
Store_B_Tscharnergut,Eggs,7.17,0.0,3.32,0.86,46.9499,7.4026
Store_B_Tscharnergut,Fruits,7.48,0.0,6.11,0.86,46.9499,7.4026
Store_E_Mattenhof,Yogurt,7.89,0.0,4.57,0.85,46.9386,7.4215
Store_C_Breitenrain,Chicken,9.9,0.0,7.04,0.84,46.9593,7.4525
Store_E_Mattenhof,Bread,8.41,0.0,3.64,0.87,46.9386,7.4215
Store_C_Breitenrain,Milk,9.19,0.0,3.78,0.85,46.9593,7.4525
Store_E_Mattenhof,Eggs,6.37,0.0,5.24,0.88,46.9386,7.4215
Store_F_Bümpliz,Eggs,7.05,0.0,3.72,0.94,46.9419,7.385
Store_C_Breitenrain,Rice,8.33,0.0,3.96,0.8,46.9593,7.4525
Store_C_Breitenrain,Fruits,7.61,0.0,3.32,0.82,46.9593,7.4525
Store_B_Tscharnergut,Yogurt,7.31,0.0,3.79,0.94,46.9499,7.4026
Store_D_Länggasse,Eggs,10.0,0.0,4.01,0.92,46.9543,7.431
Store_A_Innere_Stadt,Milk,7.43,0.0,4.52,0.77,46.9486,7.4474
Store_C_Breitenrain,Milk,7.47,0.0,5.47,0.85,46.9593,7.4525
Store_D_Länggasse,Chicken,9.38,0.0,5.95,0.9,46.9543,7.431
Store_C_Breitenrain,Fruits,5.84,0.0,5.38,0.84,46.9593,7.4525
Store_C_Breitenrain,Chicken,6.94,0.0,7.38,0.76,46.9593,7.4525
Store_E_Mattenhof,Eggs,6.01,0.0,5.17,0.8,46.9386,7.4215
Store_E_Mattenhof,Eggs,6.9,0.0,4.77,0.84,46.9386,7.4215
Store_D_Länggasse,Yogurt,8.29,0.0,4.07,0.9,46.9543,7.431
Store_E_Mattenhof,Chicken,5.69,0.0,6.67,0.89,46.9386,7.4215
Store_F_Bümpliz,Eggs,9.65,0.0,4.24,0.96,46.9419,7.385
Store_B_Tscharnergut,Bread,6.53,0.0,2.75,0.84,46.9499,7.4026
Store_D_Länggasse,Eggs,6.78,0.0,4.57,0.87,46.9543,7.431
Store_C_Breitenrain,Milk,5.92,0.0,4.29,0.92,46.9593,7.4525
Store_C_Breitenrain,Vegetables,6.09,0.0,5.15,0.87,46.9593,7.4525
Store_A_Innere_Stadt,Coffee,6.25,0.0,7.6,0.84,46.9486,7.4474
Store_A_Innere_Stadt,Eggs,7.48,0.0,2.67,0.9,46.9486,7.4474
Store_C_Breitenrain,Eggs,5.24,0.0,5.87,0.78,46.9593,7.4525
Store_F_Bümpliz,Rice,7.15,0.0,4.12,0.84,46.9419,7.385
Store_D_Länggasse,Yogurt,7.16,0.0,2.79,0.85,46.9543,7.431
Store_F_Bümpliz,Rice,7.63,0.0,2.06,0.82,46.9419,7.385
Store_A_Innere_Stadt,Coffee,9.89,0.0,5.61,0.93,46.9486,7.4474
Store_A_Innere_Stadt,Fruits,8.34,0.0,5.37,0.95,46.9486,7.4474
Store_D_Länggasse,Fruits,8.97,0.0,7.53,0.88,46.9543,7.431
Store_A_Innere_Stadt,Coffee,9.13,0.0,6.77,0.98,46.9486,7.4474
Store_A_Innere_Stadt,Milk,7.45,0.0,5.2,1.0,46.9486,7.4474
Store_B_Tscharnergut,Chicken,7.61,0.0,7.85,0.92,46.9499,7.4026
Store_F_Bümpliz,Cheese,6.75,0.0,6.6,0.9,46.9419,7.385
Store_C_Breitenrain,Coffee,6.52,0.0,8.74,0.84,46.9593,7.4525
Store_C_Breitenrain,Fruits,6.96,0.0,5.07,0.81,46.9593,7.4525
Store_E_Mattenhof,Coffee,7.21,0.0,7.22,0.84,46.9386,7.4215
Store_C_Breitenrain,Bread,6.86,0.0,2.45,0.79,46.9593,7.4525
Store_D_Länggasse,Chicken,8.37,0.0,7.06,0.78,46.9543,7.431
Store_F_Bümpliz,Bread,7.63,0.0,4.45,0.86,46.9419,7.385
Store_B_Tscharnergut,Bread,5.62,0.0,4.68,0.89,46.9499,7.4026
Store_D_Länggasse,Bread,8.26,0.0,2.74,0.87,46.9543,7.431
Store_C_Breitenrain,Chicken,7.87,0.0,6.18,0.76,46.9593,7.4525
Store_A_Innere_Stadt,Milk,7.69,0.0,4.03,0.81,46.9486,7.4474
Store_A_Innere_Stadt,Yogurt,8.92,0.0,0.58,0.93,46.9486,7.4474
Store_B_Tscharnergut,Vegetables,6.69,0.0,5.03,0.8,46.9499,7.4026
Store_D_Länggasse,Vegetables,8.16,0.0,3.5,0.82,46.9543,7.431
Store_F_Bümpliz,Vegetables,7.63,0.0,4.19,0.86,46.9419,7.385
Store_F_Bümpliz,Bread,5.25,0.0,3.9,0.77,46.9419,7.385
Store_C_Breitenrain,Yogurt,6.2,0.0,5.55,0.82,46.9593,7.4525
Store_B_Tscharnergut,Bread,7.39,0.0,4.65,0.82,46.9499,7.4026
Store_B_Tscharnergut,Coffee,6.46,0.0,8.35,0.84,46.9499,7.4026
Store_C_Breitenrain,Yogurt,6.24,0.0,3.63,0.87,46.9593,7.4525
Store_D_Länggasse,Bread,7.12,0.0,4.63,0.84,46.9543,7.431
Store_D_Länggasse,Fruits,8.13,0.0,5.82,0.84,46.9543,7.431
Store_B_Tscharnergut,Milk,6.47,0.0,4.49,0.88,46.9499,7.4026
Store_E_Mattenhof,Milk,6.6,0.0,3.21,0.8,46.9386,7.4215
Store_D_Länggasse,Yogurt,6.62,0.0,3.82,0.87,46.9543,7.431
Store_B_Tscharnergut,Milk,8.72,0.0,4.49,0.89,46.9499,7.4026
Store_D_Länggasse,Yogurt,6.2,0.0,4.13,0.9,46.9543,7.431
Store_A_Innere_Stadt,Rice,8.29,0.0,3.26,0.98,46.9486,7.4474
Store_E_Mattenhof,Vegetables,6.56,0.0,5.38,0.8,46.9386,7.4215
Store_F_Bümpliz,Milk,9.51,0.0,4.78,0.94,46.9419,7.385
Store_E_Mattenhof,Bread,7.74,0.0,3.3,0.86,46.9386,7.4215
Store_F_Bümpliz,Eggs,6.55,0.0,4.09,0.94,46.9419,7.385
Store_A_Innere_Stadt,Vegetables,8.7,0.0,5.42,0.93,46.9486,7.4474
Store_E_Mattenhof,Cheese,8.63,0.0,7.23,0.81,46.9386,7.4215
Store_A_Innere_Stadt,Fruits,8.46,0.0,2.61,0.91,46.9486,7.4474
Store_C_Breitenrain,Yogurt,7.12,0.0,4.23,0.87,46.9593,7.4525
Store_F_Bümpliz,Milk,8.36,0.0,3.13,0.88,46.9419,7.385
Store_B_Tscharnergut,Chicken,9.1,0.0,6.21,0.91,46.9499,7.4026
Store_F_Bümpliz,Rice,7.31,0.0,5.66,0.79,46.9419,7.385
Store_C_Breitenrain,Eggs,5.49,0.0,4.7,0.81,46.9593,7.4525
Store_C_Breitenrain,Yogurt,8.49,0.0,4.42,0.79,46.9593,7.4525
Store_E_Mattenhof,Chicken,7.87,0.0,6.87,0.85,46.9386,7.4215
Store_B_Tscharnergut,Rice,8.33,0.0,5.93,0.99,46.9499,7.4026
Store_C_Breitenrain,Chicken,7.58,0.0,4.99,0.82,46.9593,7.4525
Store_D_Länggasse,Rice,7.67,0.0,2.61,0.88,46.9543,7.431
Store_C_Breitenrain,Eggs,8.65,0.0,5.58,0.88,46.9593,7.4525
Store_D_Länggasse,Milk,8.0,0.0,3.72,0.86,46.9543,7.431
Store_A_Innere_Stadt,Bread,5.58,0.0,4.04,0.86,46.9486,7.4474
Store_D_Länggasse,Vegetables,5.44,0.0,3.94,0.78,46.9543,7.431
Store_B_Tscharnergut,Eggs,8.78,0.0,4.63,0.92,46.9499,7.4026
Store_F_Bümpliz,Chicken,7.51,0.0,8.38,0.85,46.9419,7.385
Store_C_Breitenrain,Chicken,5.65,0.0,4.79,0.8,46.9593,7.4525
Store_C_Breitenrain,Milk,4.49,0.0,4.72,0.75,46.9593,7.4525
Store_D_Länggasse,Fruits,7.64,0.0,2.39,0.86,46.9543,7.431
Store_C_Breitenrain,Cheese,5.44,0.0,7.65,0.85,46.9593,7.4525
Store_F_Bümpliz,Chicken,7.11,0.0,7.14,0.89,46.9419,7.385
Store_E_Mattenhof,Bread,6.08,0.0,5.4,0.86,46.9386,7.4215
Store_F_Bümpliz,Vegetables,6.85,0.0,5.66,0.78,46.9419,7.385
Store_A_Innere_Stadt,Vegetables,9.23,0.0,5.23,0.91,46.9486,7.4474
Store_B_Tscharnergut,Vegetables,7.4,0.0,5.54,0.86,46.9499,7.4026
Store_B_Tscharnergut,Eggs,6.63,0.0,3.2,0.88,46.9499,7.4026
Store_C_Breitenrain,Chicken,7.89,0.0,5.98,0.85,46.9593,7.4525
Store_C_Breitenrain,Cheese,10.0,0.0,5.74,1.0,46.9593,7.4525
Store_D_Länggasse,Eggs,6.96,0.0,2.45,0.83,46.9543,7.431
Store_A_Innere_Stadt,Bread,5.58,0.0,5.43,0.81,46.9486,7.4474
Store_A_Innere_Stadt,Milk,8.42,0.0,4.53,0.87,46.9486,7.4474
Store_A_Innere_Stadt,Vegetables,5.91,0.0,7.18,0.89,46.9486,7.4474
Store_B_Tscharnergut,Fruits,10.0,0.0,4.42,0.85,46.9499,7.4026
Store_B_Tscharnergut,Coffee,8.96,0.0,6.36,0.83,46.9499,7.4026
Store_A_Innere_Stadt,Fruits,7.84,0.0,4.98,0.9,46.9486,7.4474
Store_F_Bümpliz,Yogurt,5.65,0.0,3.08,0.82,46.9419,7.385
Store_C_Breitenrain,Coffee,8.24,0.0,6.22,0.93,46.9593,7.4525
Store_D_Länggasse,Fruits,4.08,0.0,7.0,0.78,46.9543,7.431
Store_E_Mattenhof,Yogurt,7.73,0.0,3.39,0.85,46.9386,7.4215
Store_B_Tscharnergut,Coffee,6.6,0.0,5.77,0.8,46.9499,7.4026
Store_C_Breitenrain,Chicken,6.28,0.0,7.32,0.77,46.9593,7.4525
Store_A_Innere_Stadt,Eggs,8.25,0.0,6.18,0.86,46.9486,7.4474
Store_A_Innere_Stadt,Chicken,6.58,0.0,4.85,0.85,46.9486,7.4474
Store_F_Bümpliz,Eggs,5.91,0.0,4.67,0.76,46.9419,7.385
Store_B_Tscharnergut,Cheese,5.42,0.0,5.4,0.84,46.9499,7.4026
Store_B_Tscharnergut,Chicken,8.12,0.0,4.7,0.93,46.9499,7.4026
Store_E_Mattenhof,Eggs,5.9,0.0,4.54,0.76,46.9386,7.4215
Store_A_Innere_Stadt,Fruits,8.27,0.0,5.28,0.93,46.9486,7.4474
Store_C_Breitenrain,Chicken,8.08,0.0,6.78,0.89,46.9593,7.4525
Store_E_Mattenhof,Yogurt,7.92,0.0,3.46,0.82,46.9386,7.4215
Store_F_Bümpliz,Vegetables,5.99,0.0,6.07,0.88,46.9419,7.385
Store_E_Mattenhof,Rice,4.93,0.0,4.39,0.85,46.9386,7.4215
Store_D_Länggasse,Bread,3.57,0.0,3.81,0.77,46.9543,7.431
Store_A_Innere_Stadt,Bread,5.93,0.0,3.07,0.9,46.9486,7.4474
Store_A_Innere_Stadt,Milk,8.23,0.0,6.18,0.91,46.9486,7.4474
Store_F_Bümpliz,Coffee,7.74,0.0,6.37,0.76,46.9419,7.385
Store_C_Breitenrain,Cheese,8.31,0.0,8.2,0.92,46.9593,7.4525
Store_D_Länggasse,Rice,8.36,0.0,3.13,0.84,46.9543,7.431
Store_F_Bümpliz,Coffee,7.2,0.0,7.03,0.86,46.9419,7.385
Store_D_Länggasse,Coffee,7.38,0.0,6.23,0.81,46.9543,7.431
Store_C_Breitenrain,Milk,5.89,0.0,3.87,0.85,46.9593,7.4525
Store_D_Länggasse,Eggs,6.71,0.0,2.45,0.79,46.9543,7.431
Store_B_Tscharnergut,Rice,8.76,0.0,3.99,0.92,46.9499,7.4026
Store_F_Bümpliz,Rice,5.9,0.0,4.43,0.9,46.9419,7.385
Store_D_Länggasse,Coffee,6.76,0.0,6.39,0.76,46.9543,7.431
Store_A_Innere_Stadt,Coffee,7.64,0.0,6.09,0.88,46.9486,7.4474
Store_E_Mattenhof,Bread,5.98,0.0,2.73,0.89,46.9386,7.4215
Store_C_Breitenrain,Milk,5.45,0.0,3.22,0.8,46.9593,7.4525
Store_B_Tscharnergut,Coffee,5.81,0.0,7.25,0.84,46.9499,7.4026
Store_C_Breitenrain,Rice,7.01,0.0,4.02,0.85,46.9593,7.4525
Store_D_Länggasse,Fruits,6.41,0.0,3.94,0.88,46.9543,7.431
Store_B_Tscharnergut,Chicken,8.71,0.0,7.72,0.82,46.9499,7.4026
Store_D_Länggasse,Bread,8.32,0.0,3.24,0.89,46.9543,7.431
Store_F_Bümpliz,Vegetables,8.35,0.0,6.2,0.87,46.9419,7.385
Store_D_Länggasse,Rice,7.25,0.0,3.41,0.77,46.9543,7.431
Store_A_Innere_Stadt,Cheese,8.84,0.0,7.1,0.94,46.9486,7.4474
Store_F_Bümpliz,Milk,6.08,0.0,6.04,0.83,46.9419,7.385
Store_B_Tscharnergut,Fruits,7.79,0.0,5.86,0.88,46.9499,7.4026
Store_C_Breitenrain,Cheese,8.58,0.0,9.86,0.9,46.9593,7.4525
Store_B_Tscharnergut,Vegetables,8.05,0.0,3.45,0.83,46.9499,7.4026
Store_F_Bümpliz,Cheese,5.13,0.0,9.41,0.89,46.9419,7.385
Store_F_Bümpliz,Rice,7.65,0.0,4.34,0.79,46.9419,7.385
Store_B_Tscharnergut,Chicken,7.63,0.0,7.54,0.92,46.9499,7.4026
Store_F_Bümpliz,Coffee,7.0,0.0,6.26,0.86,46.9419,7.385
Store_A_Innere_Stadt,Rice,8.44,0.0,2.86,0.84,46.9486,7.4474
Store_F_Bümpliz,Eggs,8.42,0.0,5.27,0.99,46.9419,7.385
Store_C_Breitenrain,Chicken,6.27,0.0,4.56,0.72,46.9593,7.4525
Store_D_Länggasse,Eggs,6.86,0.0,6.18,0.92,46.9543,7.431
Store_B_Tscharnergut,Yogurt,7.4,0.0,4.68,0.8,46.9499,7.4026
Store_E_Mattenhof,Chicken,8.08,0.0,5.29,0.85,46.9386,7.4215
Store_F_Bümpliz,Chicken,7.03,0.0,6.55,0.8,46.9419,7.385
Store_A_Innere_Stadt,Cheese,8.49,0.0,8.16,0.98,46.9486,7.4474
Store_A_Innere_Stadt,Vegetables,7.34,0.0,4.68,0.93,46.9486,7.4474
Store_B_Tscharnergut,Rice,8.34,0.0,2.76,0.86,46.9499,7.4026
Store_E_Mattenhof,Vegetables,7.63,0.0,3.14,0.91,46.9386,7.4215
Store_B_Tscharnergut,Rice,6.59,0.0,2.49,0.83,46.9499,7.4026
Store_A_Innere_Stadt,Chicken,8.74,0.0,6.84,0.93,46.9486,7.4474
Store_D_Länggasse,Rice,4.7,0.0,2.53,0.69,46.9543,7.431
Store_F_Bümpliz,Vegetables,6.03,0.0,4.3,0.82,46.9419,7.385
Store_A_Innere_Stadt,Rice,7.72,0.0,5.89,0.88,46.9486,7.4474
Store_B_Tscharnergut,Fruits,7.87,0.0,5.63,0.8,46.9499,7.4026
Store_D_Länggasse,Rice,7.14,0.0,3.09,0.82,46.9543,7.431
Store_D_Länggasse,Coffee,6.53,0.0,8.23,0.95,46.9543,7.431
Store_A_Innere_Stadt,Milk,9.66,0.0,4.47,0.89,46.9486,7.4474
Store_B_Tscharnergut,Bread,7.99,0.0,4.72,0.87,46.9499,7.4026
Store_B_Tscharnergut,Milk,8.23,0.0,3.99,0.9,46.9499,7.4026
Store_A_Innere_Stadt,Rice,7.55,0.0,4.15,0.87,46.9486,7.4474
Store_C_Breitenrain,Rice,7.69,0.0,5.4,0.87,46.9593,7.4525
Store_C_Breitenrain,Eggs,8.05,0.0,5.37,0.81,46.9593,7.4525
Store_A_Innere_Stadt,Chicken,7.91,0.0,8.61,0.92,46.9486,7.4474
Store_A_Innere_Stadt,Fruits,8.03,0.0,5.03,0.87,46.9486,7.4474
Store_F_Bümpliz,Fruits,6.8,0.0,6.96,0.83,46.9419,7.385
Store_F_Bümpliz,Yogurt,7.19,0.0,3.87,0.9,46.9419,7.385
Store_A_Innere_Stadt,Coffee,6.93,0.0,7.25,0.94,46.9486,7.4474
Store_D_Länggasse,Cheese,6.76,0.0,6.21,0.81,46.9543,7.431
Store_F_Bümpliz,Coffee,6.99,0.0,6.26,0.94,46.9419,7.385
Store_B_Tscharnergut,Bread,7.09,0.0,3.25,0.97,46.9499,7.4026
Store_D_Länggasse,Bread,7.6,0.0,5.32,0.93,46.9543,7.431
Store_E_Mattenhof,Rice,7.46,0.0,5.15,0.88,46.9386,7.4215
Store_C_Breitenrain,Eggs,7.84,0.0,3.4,0.94,46.9593,7.4525
Store_D_Länggasse,Chicken,6.09,0.0,6.93,0.84,46.9543,7.431
Store_C_Breitenrain,Eggs,7.96,0.0,4.87,0.95,46.9593,7.4525
Store_B_Tscharnergut,Cheese,8.62,0.0,9.47,0.86,46.9499,7.4026
Store_C_Breitenrain,Yogurt,6.27,0.0,3.38,0.87,46.9593,7.4525
Store_D_Länggasse,Milk,7.13,0.0,2.75,0.86,46.9543,7.431
Store_C_Breitenrain,Cheese,7.72,0.0,7.43,0.93,46.9593,7.4525
Store_A_Innere_Stadt,Fruits,5.22,0.0,5.71,0.87,46.9486,7.4474
Store_A_Innere_Stadt,Eggs,6.49,0.0,5.34,0.79,46.9486,7.4474
Store_E_Mattenhof,Vegetables,7.68,0.0,5.22,0.84,46.9386,7.4215
Store_D_Länggasse,Cheese,6.26,0.0,9.22,0.81,46.9543,7.431
Store_F_Bümpliz,Chicken,7.13,0.0,7.62,0.84,46.9419,7.385
Store_E_Mattenhof,Coffee,7.41,0.0,7.56,0.77,46.9386,7.4215
Store_E_Mattenhof,Rice,6.65,0.0,3.24,0.86,46.9386,7.4215
Store_F_Bümpliz,Chicken,8.48,0.0,5.53,0.9,46.9419,7.385
Store_E_Mattenhof,Fruits,7.35,0.0,3.39,0.87,46.9386,7.4215
Store_E_Mattenhof,Milk,6.67,0.0,5.32,0.77,46.9386,7.4215
Store_C_Breitenrain,Cheese,8.32,0.0,9.91,0.92,46.9593,7.4525
Store_E_Mattenhof,Cheese,6.27,0.0,7.3,0.88,46.9386,7.4215
Store_B_Tscharnergut,Cheese,8.28,0.0,7.78,0.83,46.9499,7.4026
Store_C_Breitenrain,Rice,7.5,0.0,1.28,0.88,46.9593,7.4525
Store_A_Innere_Stadt,Bread,8.57,0.0,4.63,0.89,46.9486,7.4474
Store_C_Breitenrain,Eggs,6.53,0.0,4.68,0.84,46.9593,7.4525
Store_F_Bümpliz,Cheese,7.26,0.0,9.43,0.87,46.9419,7.385
Store_D_Länggasse,Milk,7.92,0.0,2.94,0.97,46.9543,7.431
Store_E_Mattenhof,Bread,6.42,0.0,5.36,0.86,46.9386,7.4215
Store_D_Länggasse,Coffee,6.22,0.0,10.0,0.78,46.9543,7.431
Store_E_Mattenhof,Milk,6.66,0.0,4.46,0.81,46.9386,7.4215
Store_B_Tscharnergut,Coffee,7.61,0.0,6.0,0.85,46.9499,7.4026
Store_B_Tscharnergut,Milk,7.6,0.0,5.12,0.88,46.9499,7.4026
Store_F_Bümpliz,Rice,7.69,0.0,3.8,0.81,46.9419,7.385
Store_A_Innere_Stadt,Fruits,9.24,0.0,4.78,0.89,46.9486,7.4474
Store_A_Innere_Stadt,Rice,8.24,0.0,3.99,0.88,46.9486,7.4474
Store_D_Länggasse,Rice,7.66,0.0,1.38,0.8,46.9543,7.431
Store_A_Innere_Stadt,Cheese,6.87,0.0,7.29,0.84,46.9486,7.4474
Store_D_Länggasse,Bread,6.52,0.0,2.91,0.83,46.9543,7.431
Store_D_Länggasse,Eggs,7.67,0.0,4.52,0.89,46.9543,7.431
Store_E_Mattenhof,Coffee,5.66,0.0,6.54,0.77,46.9386,7.4215
Store_A_Innere_Stadt,Vegetables,7.1,0.0,5.02,0.91,46.9486,7.4474
Store_B_Tscharnergut,Chicken,6.79,0.0,6.46,0.81,46.9499,7.4026
Store_C_Breitenrain,Eggs,8.76,0.0,4.36,0.82,46.9593,7.4525
Store_D_Länggasse,Rice,6.06,0.0,3.7,0.79,46.9543,7.431
Store_B_Tscharnergut,Yogurt,6.3,0.0,5.38,0.79,46.9499,7.4026
Store_A_Innere_Stadt,Bread,7.05,0.0,4.86,0.91,46.9486,7.4474
Store_B_Tscharnergut,Rice,7.09,0.0,4.81,0.86,46.9499,7.4026
Store_A_Innere_Stadt,Chicken,6.05,0.0,5.99,0.91,46.9486,7.4474
Store_C_Breitenrain,Bread,7.51,0.0,2.65,0.87,46.9593,7.4525
Store_E_Mattenhof,Milk,4.11,0.0,4.05,0.84,46.9386,7.4215
Store_E_Mattenhof,Yogurt,8.21,0.0,4.25,0.87,46.9386,7.4215
Store_A_Innere_Stadt,Chicken,7.51,0.0,6.78,0.88,46.9486,7.4474
Store_C_Breitenrain,Chicken,6.5,0.0,7.5,0.77,46.9593,7.4525
Store_F_Bümpliz,Fruits,7.44,0.0,6.99,0.82,46.9419,7.385
Store_E_Mattenhof,Eggs,7.57,0.0,3.33,0.81,46.9386,7.4215
Store_B_Tscharnergut,Vegetables,6.66,0.0,3.79,0.81,46.9499,7.4026
Store_E_Mattenhof,Cheese,7.59,0.0,8.97,0.81,46.9386,7.4215
Store_A_Innere_Stadt,Milk,8.1,0.0,3.14,0.89,46.9486,7.4474
Store_B_Tscharnergut,Coffee,6.37,0.0,6.2,0.86,46.9499,7.4026
Store_E_Mattenhof,Milk,6.79,0.0,4.89,0.88,46.9386,7.4215
Store_B_Tscharnergut,Chicken,9.53,0.0,4.82,0.97,46.9499,7.4026
Store_E_Mattenhof,Eggs,6.6,0.0,3.04,0.85,46.9386,7.4215
Store_A_Innere_Stadt,Vegetables,8.16,0.0,9.51,0.8,46.9486,7.4474
Store_F_Bümpliz,Milk,9.1,0.0,4.78,0.93,46.9419,7.385
Store_A_Innere_Stadt,Milk,7.74,0.0,4.1,0.94,46.9486,7.4474
Store_B_Tscharnergut,Fruits,9.11,0.0,4.86,0.92,46.9499,7.4026
Store_A_Innere_Stadt,Milk,8.43,0.0,2.66,0.95,46.9486,7.4474
Store_F_Bümpliz,Chicken,7.33,0.0,6.62,0.92,46.9419,7.385
Store_A_Innere_Stadt,Milk,6.83,0.0,2.55,0.9,46.9486,7.4474
Store_D_Länggasse,Milk,7.52,0.0,2.69,0.89,46.9543,7.431
Store_D_Länggasse,Bread,8.82,0.0,5.49,0.78,46.9543,7.431
Store_A_Innere_Stadt,Vegetables,7.7,0.0,5.99,0.95,46.9486,7.4474
Store_D_Länggasse,Fruits,6.1,0.0,3.96,0.83,46.9543,7.431
Store_A_Innere_Stadt,Cheese,6.72,0.0,8.7,0.85,46.9486,7.4474
Store_D_Länggasse,Coffee,7.22,0.0,7.84,0.83,46.9543,7.431
Store_D_Länggasse,Coffee,6.83,0.0,6.23,0.75,46.9543,7.431
Store_B_Tscharnergut,Fruits,7.19,0.0,3.54,0.92,46.9499,7.4026
Store_B_Tscharnergut,Fruits,8.26,0.0,4.36,0.97,46.9499,7.4026
Store_B_Tscharnergut,Rice,7.1,0.0,4.51,0.81,46.9499,7.4026
Store_A_Innere_Stadt,Bread,8.62,0.0,2.87,0.86,46.9486,7.4474
Store_A_Innere_Stadt,Vegetables,7.85,0.0,6.86,0.89,46.9486,7.4474
Store_B_Tscharnergut,Vegetables,5.36,0.0,5.73,0.9,46.9499,7.4026
Store_A_Innere_Stadt,Cheese,8.6,0.0,7.63,0.98,46.9486,7.4474
Store_D_Länggasse,Bread,6.37,0.0,5.78,0.85,46.9543,7.431
Store_B_Tscharnergut,Cheese,7.91,0.0,8.11,0.89,46.9499,7.4026
Store_E_Mattenhof,Coffee,6.0,0.0,7.21,0.77,46.9386,7.4215
Store_E_Mattenhof,Yogurt,7.21,0.0,4.52,0.88,46.9386,7.4215
Store_C_Breitenrain,Rice,8.77,0.0,4.11,0.81,46.9593,7.4525
Store_E_Mattenhof,Chicken,8.5,0.0,6.07,0.83,46.9386,7.4215
Store_D_Länggasse,Yogurt,6.84,0.0,3.7,0.94,46.9543,7.431
Store_E_Mattenhof,Milk,7.53,0.0,2.14,0.89,46.9386,7.4215
Store_A_Innere_Stadt,Chicken,7.08,0.0,3.9,0.87,46.9486,7.4474
Store_F_Bümpliz,Milk,6.01,0.0,3.24,0.83,46.9419,7.385
Store_F_Bümpliz,Chicken,6.26,0.0,4.95,0.85,46.9419,7.385
Store_E_Mattenhof,Chicken,7.83,0.0,7.34,0.8,46.9386,7.4215
Store_D_Länggasse,Chicken,6.57,0.0,5.86,0.85,46.9543,7.431
Store_A_Innere_Stadt,Bread,7.57,0.0,2.88,0.83,46.9486,7.4474
Store_B_Tscharnergut,Bread,7.06,0.0,4.15,0.85,46.9499,7.4026
Store_F_Bümpliz,Rice,6.14,0.0,3.55,0.86,46.9419,7.385
Store_D_Länggasse,Fruits,7.47,0.0,5.24,0.83,46.9543,7.431
Store_D_Länggasse,Fruits,8.57,0.0,5.1,0.9,46.9543,7.431
Store_A_Innere_Stadt,Rice,8.92,0.0,3.24,0.9,46.9486,7.4474
Store_D_Länggasse,Chicken,8.57,0.0,8.04,0.87,46.9543,7.431
Store_D_Länggasse,Coffee,6.55,0.0,7.38,0.82,46.9543,7.431
Store_F_Bümpliz,Vegetables,5.88,0.0,4.45,0.84,46.9419,7.385
Store_F_Bümpliz,Coffee,8.32,0.0,9.11,0.88,46.9419,7.385
Store_A_Innere_Stadt,Rice,7.99,0.0,3.49,0.97,46.9486,7.4474
Store_C_Breitenrain,Cheese,8.67,0.0,7.24,0.87,46.9593,7.4525
Store_E_Mattenhof,Rice,7.85,0.0,4.46,0.86,46.9386,7.4215
Store_F_Bümpliz,Coffee,6.93,0.0,6.72,0.91,46.9419,7.385
Store_D_Länggasse,Rice,4.17,0.0,3.82,0.81,46.9543,7.431
Store_A_Innere_Stadt,Eggs,5.83,0.0,4.33,0.87,46.9486,7.4474
Store_C_Breitenrain,Fruits,7.69,0.0,6.5,0.8,46.9593,7.4525
Store_A_Innere_Stadt,Yogurt,8.91,0.0,4.74,0.9,46.9486,7.4474
Store_F_Bümpliz,Fruits,7.06,0.0,6.2,0.82,46.9419,7.385
Store_C_Breitenrain,Cheese,8.04,0.0,7.59,0.84,46.9593,7.4525
Store_F_Bümpliz,Milk,5.25,0.0,3.25,0.81,46.9419,7.385
Store_D_Länggasse,Rice,8.34,0.0,2.41,0.86,46.9543,7.431
Store_E_Mattenhof,Coffee,8.65,0.0,6.43,0.82,46.9386,7.4215
Store_A_Innere_Stadt,Yogurt,7.35,0.0,5.46,0.97,46.9486,7.4474
Store_B_Tscharnergut,Cheese,6.99,0.0,6.89,0.83,46.9499,7.4026
Store_C_Breitenrain,Milk,6.98,0.0,3.17,0.89,46.9593,7.4525
Store_B_Tscharnergut,Vegetables,7.45,0.0,5.33,0.92,46.9499,7.4026
Store_F_Bümpliz,Coffee,6.08,0.0,6.78,0.79,46.9419,7.385
Store_C_Breitenrain,Milk,6.33,0.0,2.72,0.81,46.9593,7.4525
Store_B_Tscharnergut,Vegetables,7.16,0.0,2.42,0.83,46.9499,7.4026
Store_D_Länggasse,Eggs,4.1,0.0,4.05,0.74,46.9543,7.431
Store_F_Bümpliz,Vegetables,5.41,0.0,5.1,0.76,46.9419,7.385
Store_E_Mattenhof,Rice,6.81,0.0,3.6,0.79,46.9386,7.4215
Store_F_Bümpliz,Bread,5.72,0.0,5.38,0.78,46.9419,7.385
Store_E_Mattenhof,Chicken,7.58,0.0,6.11,0.83,46.9386,7.4215
Store_C_Breitenrain,Fruits,7.77,0.0,6.53,0.87,46.9593,7.4525
Store_A_Innere_Stadt,Vegetables,8.68,0.0,5.43,0.86,46.9486,7.4474
Store_F_Bümpliz,Eggs,6.84,0.0,4.8,0.7,46.9419,7.385
Store_D_Länggasse,Fruits,6.79,0.0,4.26,0.85,46.9543,7.431
Store_C_Breitenrain,Eggs,8.87,0.0,4.06,0.95,46.9593,7.4525
Store_B_Tscharnergut,Bread,9.09,0.0,4.83,1.0,46.9499,7.4026
Store_E_Mattenhof,Coffee,7.01,0.0,7.27,0.89,46.9386,7.4215
Store_D_Länggasse,Rice,8.03,0.0,2.93,0.9,46.9543,7.431
Store_D_Länggasse,Fruits,6.86,0.0,6.58,0.87,46.9543,7.431
Store_D_Länggasse,Fruits,8.29,0.0,7.53,0.96,46.9543,7.431
Store_D_Länggasse,Chicken,8.31,0.0,4.51,0.85,46.9543,7.431
Store_A_Innere_Stadt,Cheese,6.44,0.0,8.41,0.94,46.9486,7.4474
Store_B_Tscharnergut,Eggs,8.16,0.0,3.1,0.91,46.9499,7.4026
Store_A_Innere_Stadt,Vegetables,6.88,0.0,5.21,0.8,46.9486,7.4474
Store_A_Innere_Stadt,Cheese,9.46,0.0,6.21,1.0,46.9486,7.4474
Store_D_Länggasse,Vegetables,6.7,0.0,3.76,0.85,46.9543,7.431
Store_E_Mattenhof,Eggs,7.08,0.0,6.45,0.93,46.9386,7.4215
Store_E_Mattenhof,Cheese,8.34,0.0,7.7,0.87,46.9386,7.4215
Store_B_Tscharnergut,Chicken,7.04,0.0,7.03,0.82,46.9499,7.4026
Store_D_Länggasse,Chicken,9.39,0.0,6.79,0.9,46.9543,7.431
Store_A_Innere_Stadt,Vegetables,7.77,0.0,6.36,0.99,46.9486,7.4474
Store_E_Mattenhof,Eggs,8.31,0.0,6.22,0.84,46.9386,7.4215
Store_F_Bümpliz,Milk,7.25,0.0,4.8,0.95,46.9419,7.385
Store_F_Bümpliz,Milk,6.36,0.0,4.34,0.91,46.9419,7.385
Store_C_Breitenrain,Milk,6.38,0.0,2.62,0.84,46.9593,7.4525
Store_F_Bümpliz,Rice,8.67,0.0,4.07,0.96,46.9419,7.385
Store_E_Mattenhof,Yogurt,5.8,0.0,3.68,0.69,46.9386,7.4215
Store_D_Länggasse,Rice,7.23,0.0,4.19,0.85,46.9543,7.431
Store_B_Tscharnergut,Eggs,8.48,0.0,3.52,0.81,46.9499,7.4026
Store_E_Mattenhof,Vegetables,5.73,0.0,6.16,0.82,46.9386,7.4215
Store_C_Breitenrain,Eggs,6.07,0.0,6.58,0.86,46.9593,7.4525
Store_E_Mattenhof,Vegetables,7.59,0.0,5.23,0.93,46.9386,7.4215
Store_E_Mattenhof,Yogurt,7.0,0.0,3.65,0.74,46.9386,7.4215
Store_E_Mattenhof,Chicken,6.19,0.0,5.63,0.88,46.9386,7.4215
Store_C_Breitenrain,Cheese,10.0,0.0,6.23,0.85,46.9593,7.4525
Store_A_Innere_Stadt,Vegetables,8.72,0.0,5.36,0.91,46.9486,7.4474
Store_F_Bümpliz,Cheese,7.69,0.0,7.96,0.85,46.9419,7.385
Store_B_Tscharnergut,Fruits,6.2,0.0,6.5,0.89,46.9499,7.4026
Store_A_Innere_Stadt,Fruits,5.9,0.0,5.91,0.92,46.9486,7.4474
Store_F_Bümpliz,Coffee,6.43,0.0,8.39,0.84,46.9419,7.385
Store_E_Mattenhof,Coffee,7.77,0.0,6.38,0.89,46.9386,7.4215
Store_D_Länggasse,Chicken,7.99,0.0,6.72,0.81,46.9543,7.431
Store_D_Länggasse,Chicken,8.5,0.0,8.22,0.89,46.9543,7.431
Store_B_Tscharnergut,Yogurt,6.75,0.0,4.0,0.86,46.9499,7.4026
Store_F_Bümpliz,Fruits,4.86,0.0,3.02,0.77,46.9419,7.385
Store_E_Mattenhof,Coffee,8.66,0.0,8.78,0.75,46.9386,7.4215
Store_A_Innere_Stadt,Cheese,6.57,0.0,6.72,0.89,46.9486,7.4474
Store_A_Innere_Stadt,Yogurt,6.97,0.0,3.28,0.83,46.9486,7.4474
Store_C_Breitenrain,Vegetables,7.17,0.0,3.79,0.82,46.9593,7.4525
Store_D_Länggasse,Bread,7.42,0.0,3.0,0.81,46.9543,7.431
Store_F_Bümpliz,Bread,7.96,0.0,3.76,0.92,46.9419,7.385
Store_E_Mattenhof,Coffee,7.2,0.0,8.67,0.84,46.9386,7.4215
Store_F_Bümpliz,Yogurt,6.33,0.0,2.31,0.8,46.9419,7.385
Store_C_Breitenrain,Vegetables,7.64,0.0,7.63,0.84,46.9593,7.4525
Store_A_Innere_Stadt,Vegetables,5.43,0.0,4.05,0.8,46.9486,7.4474
Store_B_Tscharnergut,Vegetables,6.62,0.0,5.88,0.88,46.9499,7.4026
Store_F_Bümpliz,Fruits,6.31,0.0,8.66,0.86,46.9419,7.385
Store_E_Mattenhof,Yogurt,7.58,0.0,5.74,0.88,46.9386,7.4215
Store_D_Länggasse,Rice,6.91,0.0,4.23,0.77,46.9543,7.431
Store_E_Mattenhof,Bread,5.61,0.0,5.34,0.81,46.9386,7.4215
Store_C_Breitenrain,Bread,6.45,0.0,1.95,0.8,46.9593,7.4525
Store_A_Innere_Stadt,Cheese,6.09,0.0,7.18,0.86,46.9486,7.4474
Store_F_Bümpliz,Bread,5.29,0.0,4.03,0.87,46.9419,7.385
Store_A_Innere_Stadt,Rice,5.93,0.0,5.9,0.86,46.9486,7.4474
Store_D_Länggasse,Fruits,7.93,0.0,6.82,0.97,46.9543,7.431
Store_E_Mattenhof,Chicken,7.16,0.0,5.76,0.84,46.9386,7.4215
Store_B_Tscharnergut,Rice,9.15,0.0,5.52,0.83,46.9499,7.4026
Store_C_Breitenrain,Fruits,6.53,0.0,4.84,0.8,46.9593,7.4525
Store_F_Bümpliz,Fruits,7.05,0.0,5.09,0.88,46.9419,7.385
Store_B_Tscharnergut,Vegetables,7.15,0.0,4.79,0.87,46.9499,7.4026
Store_E_Mattenhof,Fruits,6.53,0.0,5.69,0.87,46.9386,7.4215
Store_E_Mattenhof,Eggs,9.31,0.0,5.22,0.85,46.9386,7.4215
Store_A_Innere_Stadt,Bread,8.5,0.0,3.39,0.91,46.9486,7.4474
Store_B_Tscharnergut,Yogurt,8.62,0.0,5.31,0.88,46.9499,7.4026
Store_C_Breitenrain,Yogurt,6.55,0.0,4.01,0.81,46.9593,7.4525
Store_A_Innere_Stadt,Coffee,8.65,0.0,9.2,0.94,46.9486,7.4474
Store_F_Bümpliz,Eggs,7.26,0.0,5.24,0.91,46.9419,7.385
Store_E_Mattenhof,Bread,8.23,0.0,2.7,0.96,46.9386,7.4215
Store_C_Breitenrain,Fruits,6.01,0.0,5.55,0.82,46.9593,7.4525
Store_D_Länggasse,Coffee,5.62,0.0,4.96,0.79,46.9543,7.431
Store_D_Länggasse,Milk,8.49,0.0,4.52,0.9,46.9543,7.431
Store_E_Mattenhof,Milk,6.39,0.0,6.49,0.87,46.9386,7.4215
Store_D_Länggasse,Chicken,8.99,0.0,6.7,0.86,46.9543,7.431
Store_C_Breitenrain,Coffee,8.6,0.0,5.6,0.74,46.9593,7.4525
Store_F_Bümpliz,Bread,6.63,0.0,2.08,0.86,46.9419,7.385
Store_A_Innere_Stadt,Rice,9.91,0.0,5.71,0.97,46.9486,7.4474
Store_C_Breitenrain,Cheese,6.21,0.0,6.79,0.82,46.9593,7.4525
Store_C_Breitenrain,Chicken,8.4,0.0,5.52,0.8,46.9593,7.4525
Store_E_Mattenhof,Milk,6.59,0.0,3.52,0.79,46.9386,7.4215
Store_E_Mattenhof,Milk,5.98,0.0,4.68,0.77,46.9386,7.4215
Store_C_Breitenrain,Yogurt,5.19,0.0,3.82,0.79,46.9593,7.4525
Store_C_Breitenrain,Bread,6.12,0.0,3.43,0.87,46.9593,7.4525
Store_E_Mattenhof,Coffee,9.33,0.0,8.15,0.88,46.9386,7.4215
Store_D_Länggasse,Yogurt,8.33,0.0,4.42,0.94,46.9543,7.431
Store_C_Breitenrain,Yogurt,7.53,0.0,4.58,0.86,46.9593,7.4525
Store_A_Innere_Stadt,Cheese,6.97,0.0,6.55,0.85,46.9486,7.4474
Store_B_Tscharnergut,Yogurt,6.58,0.0,6.75,0.92,46.9499,7.4026
Store_B_Tscharnergut,Chicken,6.6,0.0,6.74,0.78,46.9499,7.4026
Store_D_Länggasse,Coffee,7.4,0.0,8.49,0.84,46.9543,7.431
Store_D_Länggasse,Coffee,8.48,0.0,7.72,0.99,46.9543,7.431
Store_B_Tscharnergut,Bread,5.77,0.0,2.5,0.87,46.9499,7.4026
Store_A_Innere_Stadt,Coffee,6.05,0.0,8.3,0.77,46.9486,7.4474
Store_D_Länggasse,Coffee,6.14,0.0,7.02,0.8,46.9543,7.431
Store_F_Bümpliz,Coffee,7.4,0.0,7.76,0.78,46.9419,7.385
Store_E_Mattenhof,Rice,5.47,0.0,3.59,0.79,46.9386,7.4215
Store_D_Länggasse,Rice,7.72,0.0,2.81,0.89,46.9543,7.431
Store_B_Tscharnergut,Rice,9.18,0.0,1.43,0.91,46.9499,7.4026
Store_B_Tscharnergut,Chicken,8.54,0.0,4.8,0.93,46.9499,7.4026
Store_A_Innere_Stadt,Vegetables,7.65,0.0,4.05,0.95,46.9486,7.4474
Store_C_Breitenrain,Rice,7.54,0.0,2.71,0.84,46.9593,7.4525
Store_A_Innere_Stadt,Yogurt,7.66,0.0,3.88,0.92,46.9486,7.4474
Store_C_Breitenrain,Coffee,7.3,0.0,6.09,0.99,46.9593,7.4525
Store_E_Mattenhof,Rice,6.0,0.0,4.29,0.84,46.9386,7.4215
Store_A_Innere_Stadt,Chicken,7.96,0.0,6.67,0.84,46.9486,7.4474
Store_A_Innere_Stadt,Coffee,8.95,0.0,6.1,0.88,46.9486,7.4474
Store_F_Bümpliz,Bread,7.18,0.0,3.34,0.87,46.9419,7.385
Store_F_Bümpliz,Coffee,6.57,0.0,6.53,0.88,46.9419,7.385
Store_F_Bümpliz,Rice,7.64,0.0,2.93,0.91,46.9419,7.385
Store_D_Länggasse,Fruits,8.57,0.0,5.42,0.88,46.9543,7.431
Store_C_Breitenrain,Milk,8.41,0.0,3.9,0.81,46.9593,7.4525
Store_C_Breitenrain,Cheese,6.67,0.0,5.89,0.84,46.9593,7.4525
Store_D_Länggasse,Eggs,10.0,0.0,4.82,0.97,46.9543,7.431
Store_C_Breitenrain,Vegetables,6.93,0.0,4.62,0.87,46.9593,7.4525
Store_F_Bümpliz,Milk,6.34,0.0,3.49,0.76,46.9419,7.385
Store_B_Tscharnergut,Chicken,8.39,0.0,7.59,0.87,46.9499,7.4026
Store_C_Breitenrain,Yogurt,7.0,0.0,4.36,0.78,46.9593,7.4525
Store_B_Tscharnergut,Chicken,7.52,0.0,5.89,0.87,46.9499,7.4026
Store_E_Mattenhof,Yogurt,6.8,0.0,4.07,0.88,46.9386,7.4215
Store_E_Mattenhof,Vegetables,8.87,0.0,6.48,0.85,46.9386,7.4215
Store_C_Breitenrain,Eggs,7.65,0.0,5.78,0.79,46.9593,7.4525
Store_B_Tscharnergut,Rice,4.85,0.0,3.9,0.9,46.9499,7.4026
Store_B_Tscharnergut,Chicken,8.34,0.0,5.94,0.94,46.9499,7.4026
Store_A_Innere_Stadt,Eggs,5.46,0.0,5.33,0.99,46.9486,7.4474
Store_F_Bümpliz,Chicken,7.81,0.0,7.34,0.9,46.9419,7.385
Store_A_Innere_Stadt,Milk,8.0,0.0,2.76,0.96,46.9486,7.4474
Store_E_Mattenhof,Bread,7.14,0.0,3.23,0.78,46.9386,7.4215
Store_D_Länggasse,Chicken,8.15,0.0,6.19,0.85,46.9543,7.431
Store_B_Tscharnergut,Cheese,8.27,0.0,5.79,0.88,46.9499,7.4026
Store_A_Innere_Stadt,Eggs,6.7,0.0,5.65,0.9,46.9486,7.4474
Store_A_Innere_Stadt,Bread,7.37,0.0,5.31,0.89,46.9486,7.4474
Store_B_Tscharnergut,Rice,7.73,0.0,2.82,0.92,46.9499,7.4026
Store_A_Innere_Stadt,Vegetables,7.92,0.0,4.12,0.83,46.9486,7.4474
Store_C_Breitenrain,Chicken,6.53,0.0,7.7,0.81,46.9593,7.4525
Store_F_Bümpliz,Coffee,6.03,0.0,6.05,0.84,46.9419,7.385
Store_D_Länggasse,Fruits,5.84,0.0,4.42,0.73,46.9543,7.431
Store_C_Breitenrain,Vegetables,7.77,0.0,5.75,0.92,46.9593,7.4525
Store_F_Bümpliz,Bread,7.35,0.0,2.23,0.8,46.9419,7.385
Store_F_Bümpliz,Rice,7.71,0.0,3.14,0.88,46.9419,7.385
Store_C_Breitenrain,Yogurt,6.13,0.0,4.78,0.8,46.9593,7.4525
Store_E_Mattenhof,Chicken,7.64,0.0,6.01,0.86,46.9386,7.4215
Store_B_Tscharnergut,Milk,7.14,0.0,4.01,0.93,46.9499,7.4026
Store_A_Innere_Stadt,Yogurt,7.7,0.0,7.19,0.88,46.9486,7.4474
Store_C_Breitenrain,Bread,8.84,0.0,2.89,0.83,46.9593,7.4525
Store_E_Mattenhof,Chicken,5.89,0.0,8.61,0.77,46.9386,7.4215
Store_B_Tscharnergut,Chicken,7.77,0.0,5.74,0.91,46.9499,7.4026
Store_A_Innere_Stadt,Rice,8.59,0.0,5.07,0.91,46.9486,7.4474
Store_B_Tscharnergut,Milk,9.47,0.0,6.86,0.92,46.9499,7.4026
Store_F_Bümpliz,Cheese,7.89,0.0,9.06,0.83,46.9419,7.385
Store_A_Innere_Stadt,Rice,9.91,0.0,4.66,0.97,46.9486,7.4474
Store_B_Tscharnergut,Rice,7.67,0.0,5.34,0.9,46.9499,7.4026
Store_B_Tscharnergut,Rice,7.64,0.0,4.44,0.92,46.9499,7.4026
Store_E_Mattenhof,Milk,7.51,0.0,3.91,0.88,46.9386,7.4215
Store_D_Länggasse,Coffee,9.41,0.0,7.91,1.0,46.9543,7.431
Store_F_Bümpliz,Milk,7.06,0.0,2.34,0.74,46.9419,7.385
Store_B_Tscharnergut,Rice,6.83,0.0,2.22,0.84,46.9499,7.4026
Store_D_Länggasse,Chicken,7.44,0.0,5.61,0.88,46.9543,7.431
Store_C_Breitenrain,Eggs,7.88,0.0,3.63,0.85,46.9593,7.4525
Store_F_Bümpliz,Coffee,5.51,0.0,7.3,0.8,46.9419,7.385
Store_D_Länggasse,Coffee,8.49,0.0,7.57,0.87,46.9543,7.431
Store_E_Mattenhof,Bread,7.35,0.0,5.48,0.84,46.9386,7.4215
Store_E_Mattenhof,Milk,8.1,0.0,3.44,0.83,46.9386,7.4215
Store_E_Mattenhof,Bread,7.23,0.0,3.31,0.97,46.9386,7.4215
Store_C_Breitenrain,Yogurt,7.17,0.0,4.19,0.74,46.9593,7.4525
Store_D_Länggasse,Eggs,9.45,0.0,4.35,0.94,46.9543,7.431
Store_E_Mattenhof,Fruits,5.46,0.0,6.34,0.79,46.9386,7.4215
Store_A_Innere_Stadt,Milk,5.62,0.0,3.21,0.9,46.9486,7.4474
Store_B_Tscharnergut,Fruits,8.12,0.0,3.5,0.93,46.9499,7.4026
Store_D_Länggasse,Coffee,6.93,0.0,8.31,0.84,46.9543,7.431
Store_B_Tscharnergut,Coffee,6.77,0.0,6.11,0.92,46.9499,7.4026
Store_D_Länggasse,Rice,7.63,0.0,5.75,0.83,46.9543,7.431
Store_B_Tscharnergut,Yogurt,6.38,0.0,2.4,0.84,46.9499,7.4026
Store_D_Länggasse,Vegetables,6.33,0.0,1.69,0.84,46.9543,7.431
Store_E_Mattenhof,Coffee,8.04,0.0,8.37,0.91,46.9386,7.4215
Store_E_Mattenhof,Vegetables,5.48,0.0,3.38,0.75,46.9386,7.4215
Store_B_Tscharnergut,Vegetables,7.06,0.0,7.09,0.86,46.9499,7.4026
Store_D_Länggasse,Fruits,8.67,0.0,3.9,0.87,46.9543,7.431
Store_C_Breitenrain,Chicken,6.25,0.0,4.53,0.9,46.9593,7.4525
Store_C_Breitenrain,Chicken,7.6,0.0,6.04,0.84,46.9593,7.4525
Store_E_Mattenhof,Fruits,6.26,0.0,6.12,0.77,46.9386,7.4215
Store_E_Mattenhof,Yogurt,5.72,0.0,4.82,0.84,46.9386,7.4215
Store_B_Tscharnergut,Coffee,5.34,0.0,5.95,0.88,46.9499,7.4026
Store_F_Bümpliz,Cheese,7.25,0.0,8.42,0.82,46.9419,7.385
Store_F_Bümpliz,Fruits,7.6,0.0,4.67,0.86,46.9419,7.385
Store_B_Tscharnergut,Bread,9.0,0.0,1.7,0.9,46.9499,7.4026
Store_B_Tscharnergut,Chicken,7.54,0.0,7.18,0.82,46.9499,7.4026
Store_A_Innere_Stadt,Yogurt,5.86,0.0,3.4,0.88,46.9486,7.4474
Store_E_Mattenhof,Vegetables,6.27,0.0,5.8,0.78,46.9386,7.4215
Store_B_Tscharnergut,Chicken,8.23,0.0,7.24,0.87,46.9499,7.4026
Store_A_Innere_Stadt,Milk,8.55,0.0,4.92,0.94,46.9486,7.4474
Store_E_Mattenhof,Chicken,7.66,0.0,6.22,0.84,46.9386,7.4215
Store_B_Tscharnergut,Chicken,7.1,0.0,5.46,0.86,46.9499,7.4026
Store_E_Mattenhof,Coffee,6.38,0.0,6.0,0.74,46.9386,7.4215
Store_B_Tscharnergut,Coffee,4.5,0.0,6.66,0.89,46.9499,7.4026
Store_D_Länggasse,Cheese,7.32,0.0,5.81,0.81,46.9543,7.431
Store_B_Tscharnergut,Yogurt,7.62,0.0,5.61,0.86,46.9499,7.4026
Store_B_Tscharnergut,Milk,9.14,0.0,2.26,0.88,46.9499,7.4026
Store_B_Tscharnergut,Coffee,8.4,0.0,8.07,0.9,46.9499,7.4026
Store_E_Mattenhof,Cheese,7.2,0.0,8.77,0.74,46.9386,7.4215
Store_A_Innere_Stadt,Vegetables,7.76,0.0,5.35,0.94,46.9486,7.4474
Store_F_Bümpliz,Fruits,6.49,0.0,4.51,0.79,46.9419,7.385
Store_B_Tscharnergut,Yogurt,7.18,0.0,2.72,0.87,46.9499,7.4026
Store_F_Bümpliz,Fruits,8.23,0.0,5.0,0.91,46.9419,7.385
Store_D_Länggasse,Bread,10.0,0.0,5.14,0.83,46.9543,7.431
Store_B_Tscharnergut,Eggs,8.57,0.0,4.11,0.88,46.9499,7.4026
Store_F_Bümpliz,Yogurt,7.1,0.0,5.35,0.84,46.9419,7.385
Store_E_Mattenhof,Cheese,5.93,0.0,8.62,0.85,46.9386,7.4215
Store_D_Länggasse,Fruits,6.79,0.0,4.4,0.82,46.9543,7.431
Store_E_Mattenhof,Chicken,5.31,0.0,6.33,0.77,46.9386,7.4215
Store_E_Mattenhof,Eggs,7.12,0.0,3.09,0.83,46.9386,7.4215
Store_C_Breitenrain,Rice,6.67,0.0,3.43,0.87,46.9593,7.4525
Store_D_Länggasse,Coffee,6.53,0.0,6.56,0.84,46.9543,7.431
Store_A_Innere_Stadt,Cheese,7.69,0.0,7.58,0.9,46.9486,7.4474
Store_F_Bümpliz,Vegetables,6.25,0.0,6.17,0.82,46.9419,7.385
Store_E_Mattenhof,Bread,7.18,0.0,4.0,0.86,46.9386,7.4215
Store_D_Länggasse,Eggs,7.11,0.0,5.98,0.8,46.9543,7.431
Store_E_Mattenhof,Fruits,7.66,0.0,4.79,0.84,46.9386,7.4215
Store_C_Breitenrain,Chicken,7.18,0.0,5.32,0.79,46.9593,7.4525
Store_D_Länggasse,Bread,7.15,0.0,3.05,0.78,46.9543,7.431
Store_E_Mattenhof,Fruits,6.42,0.0,6.68,0.84,46.9386,7.4215
